1788903579.911 3.84 4.29 3.05
1788903581.911 3.84 4.29 3.05
1788903583.914 3.84 4.29 3.05
1788903585.920 3.69 4.25 3.05
1788903587.922 3.69 4.25 3.05
1788903589.925 3.47 4.20 3.04
1788903591.935 3.47 4.20 3.04
1788903593.945 3.47 4.20 3.04
1788903595.955 3.28 4.15 3.02
1788903597.965 3.28 4.15 3.02
1788903599.976 3.09 4.09 3.01
1788903601.984 3.09 4.09 3.01
1788903603.994 3.09 4.09 3.01
1788903606.004 2.92 4.04 3.00
1788903608.014 2.92 4.04 3.00
1788903610.016 2.77 3.99 2.99
1788903612.021 2.77 3.99 2.99
1788903614.027 2.77 3.99 2.99
1788903616.030 2.63 3.94 2.98
1788903618.040 2.63 3.94 2.98
1788903620.050 3.14 4.03 3.01
1788903622.051 3.14 4.03 3.01
1788903624.061 3.14 4.03 3.01
1788903626.062 2.97 3.98 3.00
1788903628.072 2.97 3.98 3.00
1788903630.073 2.81 3.93 2.99
1788903632.074 2.81 3.93 2.99
1788903634.084 2.81 3.93 2.99
1788903636.090 2.66 3.88 2.98
1788903638.093 2.66 3.88 2.98
1788903640.103 2.53 3.83 2.96
1788903642.103 2.53 3.83 2.96
1788903644.106 2.53 3.83 2.96
1788903646.116 2.81 3.86 2.98
1788903648.118 2.81 3.86 2.98
1788903650.118 2.66 3.82 2.97
1788903652.119 2.66 3.82 2.97
1788903654.130 2.66 3.82 2.97
1788903656.134 2.45 3.75 2.95
1788903658.144 2.45 3.75 2.95
1788903660.145 2.25 3.69 2.93
1788903662.145 2.25 3.69 2.93
1788903664.147 2.25 3.69 2.93
1788903666.152 2.31 3.68 2.93
1788903668.152 2.31 3.68 2.93
1788903670.153 2.29 3.65 2.93
1788903672.156 2.29 3.65 2.93
1788903674.156 2.29 3.65 2.93
1788903676.157 2.18 3.61 2.92
1788903678.157 2.18 3.61 2.92
1788903680.158 2.09 3.56 2.91
1788903682.163 2.09 3.56 2.91
1788903684.167 2.09 3.56 2.91
1788903686.170 2.32 3.59 2.92
1788903688.170 2.32 3.59 2.92
1788903690.179 2.22 3.54 2.91
1788903692.181 2.22 3.54 2.91
1788903694.188 2.22 3.54 2.91
1788903696.188 2.20 3.52 2.90
1788903698.192 2.20 3.52 2.90
1788903700.192 2.18 3.49 2.90
1788903702.193 2.18 3.49 2.90
1788903704.199 2.18 3.49 2.90
1788903706.206 2.17 3.47 2.89
1788903708.206 2.17 3.47 2.89
1788903710.206 2.07 3.43 2.88
1788903712.209 2.07 3.43 2.88
1788903714.209 2.07 3.43 2.88
1788903716.209 2.07 3.40 2.87
1788903718.210 2.07 3.40 2.87
1788903720.214 1.98 3.36 2.86
1788903722.214 1.98 3.36 2.86
1788903724.214 1.98 3.36 2.86
1788903726.214 2.06 3.36 2.86
1788903728.214 2.06 3.36 2.86
1788903730.221 2.14 3.35 2.86
1788903732.222 2.14 3.35 2.86
1788903734.222 2.14 3.35 2.86
1788903736.228 2.13 3.33 2.86
1788903738.239 2.13 3.33 2.86
1788903740.249 2.12 3.30 2.85
1788903742.249 2.12 3.30 2.85
1788903744.249 2.12 3.30 2.85
1788903746.249 2.19 3.30 2.85
1788903748.259 2.19 3.30 2.85
1788903750.269 2.17 3.28 2.85
1788903752.279 2.17 3.28 2.85
1788903754.280 2.17 3.28 2.85
1788903756.280 2.08 3.24 2.84
1788903758.280 2.08 3.24 2.84
1788903760.280 2.07 3.22 2.83
1788903762.281 2.07 3.22 2.83
1788903764.284 2.07 3.22 2.83
1788903766.285 2.06 3.20 2.83
1788903768.286 2.06 3.20 2.83
1788903770.287 1.98 3.16 2.81
1788903772.287 1.98 3.16 2.81
1788903774.287 1.98 3.16 2.81
1788903776.287 1.90 3.12 2.80
1788903778.288 1.90 3.12 2.80
1788903780.291 2.23 3.17 2.82
1788903782.291 2.23 3.17 2.82
1788903784.292 2.23 3.17 2.82
1788903786.300 2.21 3.15 2.82
1788903788.301 2.21 3.15 2.82
1788903790.301 2.67 3.23 2.85
1788903792.301 2.67 3.23 2.85
1788903794.306 2.67 3.23 2.85
1788903796.308 2.78 3.25 2.85
1788903798.308 2.78 3.25 2.85
1788903800.312 2.72 3.22 2.85
1788903802.313 2.72 3.22 2.85
1788903804.317 2.72 3.22 2.85
1788903806.317 2.66 3.20 2.84
1788903808.321 2.66 3.20 2.84
1788903810.325 2.61 3.18 2.84
1788903812.326 2.61 3.18 2.84
1788903814.326 2.61 3.18 2.84
1788903816.326 2.56 3.16 2.83
1788903818.327 2.56 3.16 2.83
1788903820.327 2.51 3.14 2.83
1788903822.327 2.51 3.14 2.83
1788903824.328 2.51 3.14 2.83
1788903826.329 2.55 3.14 2.83
1788903828.331 2.55 3.14 2.83
1788903830.334 2.83 3.19 2.85
1788903832.337 2.83 3.19 2.85
1788903834.338 2.83 3.19 2.85
1788903836.341 2.76 3.17 2.84
1788903838.341 2.76 3.17 2.84
1788903840.342 2.78 3.17 2.84
1788903842.343 2.78 3.17 2.84
1788903844.343 2.78 3.17 2.84
1788903846.343 2.72 3.15 2.84
1788903848.350 2.72 3.15 2.84
1788903850.360 2.58 3.11 2.83
1788903852.360 2.58 3.11 2.83
1788903854.370 2.58 3.11 2.83
1788903856.374 2.45 3.08 2.82
1788903858.375 2.45 3.08 2.82
1788903860.376 2.34 3.04 2.80
1788903862.376 2.34 3.04 2.80
1788903864.376 2.34 3.04 2.80
1788903866.376 2.31 3.02 2.80
1788903868.376 2.31 3.02 2.80
1788903870.376 2.28 3.01 2.79
1788903872.376 2.28 3.01 2.79
1788903874.377 2.28 3.01 2.79
1788903876.377 2.26 2.99 2.79
1788903878.379 2.26 2.99 2.79
1788903880.381 2.32 2.99 2.79
1788903882.391 2.32 2.99 2.79
1788903884.391 2.32 2.99 2.79
1788903886.392 2.45 3.01 2.80
1788903888.393 2.45 3.01 2.80
1788903890.396 2.58 3.02 2.80
1788903892.399 2.58 3.02 2.80
1788903894.400 2.58 3.02 2.80
1788903896.407 2.61 3.02 2.81
1788903898.407 2.61 3.02 2.81
1788903900.407 2.48 2.99 2.79
1788903902.409 2.48 2.99 2.79
1788903904.409 2.48 2.99 2.79
1788903906.410 2.60 3.00 2.80
1788903908.410 2.60 3.00 2.80
1788903910.411 2.63 3.00 2.80
1788903912.411 2.63 3.00 2.80
1788903914.411 2.63 3.00 2.80
1788903916.411 2.66 3.00 2.80
1788903918.411 2.66 3.00 2.80
1788903920.412 2.61 2.99 2.80
1788903922.412 2.61 2.99 2.80
1788903924.413 2.61 2.99 2.80
1788903926.418 2.56 2.97 2.79
1788903928.418 2.56 2.97 2.79
1788903930.428 2.44 2.94 2.78
1788903932.428 2.44 2.94 2.78
1788903934.429 2.44 2.94 2.78
1788903936.430 2.40 2.92 2.78
1788903938.430 2.40 2.92 2.78
1788903940.430 2.37 2.91 2.77
1788903942.434 2.37 2.91 2.77
1788903944.435 2.37 2.91 2.77
1788903946.435 2.34 2.89 2.77
1788903948.435 2.34 2.89 2.77
1788903950.435 2.31 2.88 2.76
1788903952.436 2.31 2.88 2.76
1788903954.437 2.31 2.88 2.76
1788903956.444 2.29 2.86 2.76
1788903958.444 2.29 2.86 2.76
1788903960.446 2.90 2.98 2.80
1788903962.451 2.90 2.98 2.80
1788903964.452 2.90 2.98 2.80
1788903966.454 3.39 3.08 2.84
1788903968.454 3.39 3.08 2.84
1788903970.464 3.28 3.06 2.83
1788903972.466 3.28 3.06 2.83
1788903974.466 3.28 3.06 2.83
1788903976.467 3.26 3.06 2.83
1788903978.467 3.26 3.06 2.83
1788903980.470 3.72 3.16 2.87
1788903982.471 3.72 3.16 2.87
1788903984.478 3.72 3.16 2.87
1788903986.479 3.58 3.14 2.86
1788903988.480 3.58 3.14 2.86
1788903990.490 3.37 3.10 2.85
1788903992.491 3.37 3.10 2.85
1788903994.491 3.26 3.08 2.85
1788903996.501 3.26 3.08 2.85
1788903998.501 3.26 3.08 2.85
1788904000.508 3.24 3.08 2.85
1788904002.510 3.24 3.08 2.85
1788904004.519 3.14 3.06 2.84
1788904006.526 3.14 3.06 2.84
1788904008.526 3.14 3.06 2.84
1788904010.527 2.97 3.03 2.83
1788904012.527 2.97 3.03 2.83
1788904014.529 2.81 3.00 2.82
1788904016.529 2.81 3.00 2.82
1788904018.530 2.81 3.00 2.82
1788904020.530 2.75 2.98 2.81
1788904022.530 2.75 2.98 2.81
1788904024.530 2.69 2.96 2.81
1788904026.530 2.69 2.96 2.81
1788904028.534 2.69 2.96 2.81
1788904030.534 3.43 3.11 2.86
1788904032.538 3.43 3.11 2.86
1788904034.538 3.32 3.09 2.86
1788904036.538 3.32 3.09 2.86
1788904038.548 3.32 3.09 2.86
1788904040.549 3.21 3.08 2.85
1788904042.559 3.21 3.08 2.85
1788904044.562 3.11 3.06 2.85
1788904046.568 3.11 3.06 2.85
1788904048.570 3.11 3.06 2.85
1788904050.570 2.94 3.02 2.84
1788904052.570 2.94 3.02 2.84
1788904054.570 2.87 3.01 2.83
1788904056.570 2.87 3.01 2.83
1788904058.573 2.87 3.01 2.83
1788904060.577 2.80 2.99 2.83
1788904062.578 2.80 2.99 2.83
1788904064.578 2.73 2.97 2.82
1788904066.578 2.73 2.97 2.82
1788904068.580 2.73 2.97 2.82
1788904070.580 2.68 2.96 2.82
1788904072.580 2.68 2.96 2.82
1788904074.581 2.62 2.94 2.81
1788904076.585 2.62 2.94 2.81
1788904078.588 2.62 2.94 2.81
1788904080.589 2.49 2.91 2.80
1788904082.590 2.49 2.91 2.80
1788904084.590 2.45 2.89 2.80
1788904086.594 2.45 2.89 2.80
1788904088.594 2.45 2.89 2.80
1788904090.595 2.58 2.91 2.80
1788904092.595 2.58 2.91 2.80
1788904094.605 2.53 2.90 2.80
1788904096.607 2.53 2.90 2.80
1788904098.611 2.53 2.90 2.80
1788904100.613 3.45 3.08 2.86
1788904102.613 3.45 3.08 2.86
1788904104.618 3.41 3.08 2.86
1788904106.618 3.41 3.08 2.86
1788904108.628 3.41 3.08 2.86
1788904110.636 3.22 3.04 2.85
1788904112.636 3.22 3.04 2.85
1788904114.639 3.12 3.03 2.85
1788904116.640 3.12 3.03 2.85
1788904118.643 3.12 3.03 2.85
1788904120.643 3.11 3.02 2.85
1788904122.650 3.11 3.02 2.85
1788904124.651 3.82 3.17 2.90
1788904126.651 3.82 3.17 2.90
1788904128.654 3.82 3.17 2.90
1788904130.654 5.68 3.57 3.04
1788904132.664 5.68 3.57 3.04
1788904134.665 5.62 3.59 3.05
1788904136.671 5.62 3.59 3.05
1788904138.672 5.62 3.59 3.05
1788904140.682 6.05 3.72 3.10
1788904142.682 6.05 3.72 3.10
1788904144.692 5.89 3.72 3.10
1788904146.693 5.89 3.72 3.10
1788904148.693 5.89 3.72 3.10
1788904150.702 6.54 3.89 3.17
1788904152.703 6.54 3.89 3.17
1788904154.713 6.33 3.89 3.17
1788904156.714 6.33 3.89 3.17
1788904158.718 6.33 3.89 3.17
1788904160.720 6.23 3.91 3.18
1788904162.721 6.23 3.91 3.18
1788904164.725 6.13 3.93 3.19
1788904166.726 6.13 3.93 3.19
1788904168.730 6.13 3.93 3.19
1788904170.736 5.80 3.90 3.19
1788904172.736 5.80 3.90 3.19
1788904174.746 5.57 3.88 3.18
1788904176.756 5.57 3.88 3.18
1788904178.766 5.57 3.88 3.18
1788904180.766 5.37 3.87 3.18
1788904182.771 5.37 3.87 3.18
1788904184.772 5.18 3.85 3.18
1788904186.779 5.18 3.85 3.18
1788904188.785 5.18 3.85 3.18
1788904190.785 5.00 3.84 3.18
1788904192.791 5.00 3.84 3.18
1788904194.801 5.00 3.86 3.19
1788904196.811 5.00 3.86 3.19
1788904198.813 5.00 3.86 3.19
1788904200.814 4.84 3.84 3.19
1788904202.815 4.84 3.84 3.19
1788904204.815 4.69 3.83 3.19
1788904206.816 4.69 3.83 3.19
1788904208.826 4.69 3.83 3.19
1788904210.836 4.80 3.86 3.20
1788904212.836 4.80 3.86 3.20
1788904214.836 4.81 3.88 3.21
1788904216.836 4.81 3.88 3.21
1788904218.842 4.81 3.88 3.21
1788904220.844 4.75 3.88 3.22
1788904222.845 4.75 3.88 3.22
1788904224.855 4.69 3.88 3.22
1788904226.856 4.69 3.88 3.22
1788904228.858 4.69 3.88 3.22
1788904230.858 4.63 3.89 3.23
1788904232.868 4.63 3.89 3.23
1788904234.868 4.58 3.89 3.23
1788904236.869 4.58 3.89 3.23
1788904238.870 4.58 3.89 3.23
1788904240.872 4.54 3.89 3.24
1788904242.880 4.54 3.89 3.24
1788904244.890 4.49 3.89 3.24
1788904246.898 4.49 3.89 3.24
1788904248.898 4.49 3.89 3.24
1788904250.898 4.37 3.88 3.24
1788904252.900 4.37 3.88 3.24
1788904254.901 4.26 3.86 3.24
1788904256.902 4.26 3.86 3.24
1788904258.903 4.26 3.86 3.24
1788904260.903 4.24 3.86 3.24
1788904262.907 4.24 3.86 3.24
1788904264.910 4.94 4.01 3.30
1788904266.914 4.94 4.01 3.30
1788904268.915 4.94 4.01 3.30
1788904270.915 4.71 3.98 3.29
1788904272.923 4.71 3.98 3.29
1788904274.923 5.13 4.08 3.33
1788904276.923 5.13 4.08 3.33
1788904278.923 5.13 4.08 3.33
1788904280.924 5.68 4.21 3.38
1788904282.926 5.68 4.21 3.38
1788904284.928 5.39 4.17 3.37
1788904286.928 5.39 4.17 3.37
1788904288.930 5.39 4.17 3.37
1788904290.930 5.11 4.14 3.36
1788904292.936 5.11 4.14 3.36
1788904294.936 5.02 4.14 3.37
1788904296.937 5.02 4.14 3.37
1788904298.937 5.02 4.14 3.37
1788904300.938 4.86 4.12 3.36
1788904302.943 4.86 4.12 3.36
1788904304.943 5.19 4.20 3.40
1788904306.947 5.19 4.20 3.40
1788904308.948 5.19 4.20 3.40
1788904310.948 4.94 4.16 3.39
1788904312.952 4.94 4.16 3.39
1788904314.953 4.86 4.16 3.39
1788904316.954 4.86 4.16 3.39
1788904318.959 4.86 4.16 3.39
1788904320.959 4.63 4.12 3.38
1788904322.960 4.63 4.12 3.38
1788904324.970 5.22 4.25 3.43
1788904326.980 5.22 4.25 3.43
1788904328.984 5.22 4.25 3.43
1788904330.985 5.12 4.25 3.44
1788904332.987 5.12 4.25 3.44
1788904334.987 4.87 4.21 3.43
1788904336.997 4.87 4.21 3.43
1788904339.006 4.87 4.21 3.43
1788904341.008 4.80 4.21 3.43
1788904343.011 4.80 4.21 3.43
1788904345.011 4.58 4.17 3.42
1788904347.013 4.58 4.17 3.42
1788904349.023 4.58 4.17 3.42
1788904351.031 4.45 4.15 3.42
1788904353.038 4.45 4.15 3.42
1788904355.048 4.18 4.10 3.41
1788904357.052 4.18 4.10 3.41
1788904359.054 4.18 4.10 3.41
1788904361.056 4.00 4.06 3.40
1788904363.059 4.00 4.06 3.40
1788904365.059 3.76 4.01 3.38
1788904367.069 3.76 4.01 3.38
1788904369.072 3.76 4.01 3.38
1788904371.078 3.70 3.99 3.38
1788904373.080 3.70 3.99 3.38
1788904375.081 3.64 3.98 3.38
1788904377.091 3.64 3.98 3.38
1788904379.092 3.64 3.98 3.38
1788904381.102 3.51 3.94 3.37
1788904383.105 3.51 3.94 3.37
1788904385.106 3.63 3.96 3.38
1788904387.106 3.63 3.96 3.38
1788904389.106 3.63 3.96 3.38
1788904391.108 3.50 3.93 3.37
1788904393.112 3.50 3.93 3.37
1788904395.112 3.86 4.00 3.40
1788904397.112 3.86 4.00 3.40
1788904399.113 3.86 4.00 3.40
1788904401.123 3.71 3.96 3.39
1788904403.128 3.71 3.96 3.39
1788904405.138 3.57 3.93 3.38
1788904407.138 3.57 3.93 3.38
1788904409.148 3.57 3.93 3.38
1788904411.148 3.77 3.96 3.40
1788904413.158 3.77 3.96 3.40
1788904415.158 3.55 3.91 3.38
1788904417.160 3.55 3.91 3.38
1788904419.168 3.55 3.91 3.38
1788904421.174 3.42 3.88 3.37
1788904423.174 3.42 3.88 3.37
1788904425.184 3.31 3.85 3.37
1788904427.186 3.31 3.85 3.37
1788904429.186 3.31 3.85 3.37
1788904431.186 3.20 3.82 3.36
1788904433.192 3.20 3.82 3.36
1788904435.192 3.11 3.79 3.35
1788904437.193 3.11 3.79 3.35
1788904439.193 3.11 3.79 3.35
1788904441.195 3.02 3.76 3.34
1788904443.197 3.02 3.76 3.34
1788904445.205 3.10 3.76 3.34
1788904447.215 3.10 3.76 3.34
1788904449.218 3.10 3.76 3.34
1788904451.228 3.25 3.78 3.35
1788904453.228 3.25 3.78 3.35
1788904455.230 3.95 3.92 3.40
1788904457.233 3.95 3.92 3.40
1788904459.234 3.95 3.92 3.40
1788904461.234 3.87 3.91 3.40
1788904463.234 3.87 3.91 3.40
1788904465.234 3.72 3.87 3.39
1788904467.236 3.72 3.87 3.39
1788904469.237 3.72 3.87 3.39
1788904471.240 3.66 3.86 3.39
1788904473.243 3.66 3.86 3.39
1788904475.243 3.53 3.83 3.38
1788904477.243 3.53 3.83 3.38
1788904479.244 3.53 3.83 3.38
1788904481.250 3.33 3.78 3.37
1788904483.253 3.33 3.78 3.37
1788904485.260 3.22 3.75 3.36
1788904487.260 3.22 3.75 3.36
1788904489.266 3.22 3.75 3.36
1788904491.267 3.20 3.74 3.36
1788904493.270 3.20 3.74 3.36
1788904495.270 3.11 3.71 3.35
1788904497.280 3.11 3.71 3.35
1788904499.280 3.11 3.71 3.35
1788904501.285 3.18 3.71 3.35
1788904503.293 3.18 3.71 3.35
1788904505.293 3.00 3.67 3.34
1788904507.293 3.00 3.67 3.34
1788904509.297 3.00 3.67 3.34
1788904511.297 3.72 3.81 3.39
1788904513.299 3.72 3.81 3.39
1788904515.299 3.58 3.78 3.38
1788904517.299 3.58 3.78 3.38
1788904519.300 3.58 3.78 3.38
1788904521.300 3.62 3.78 3.38
1788904523.300 3.62 3.78 3.38
1788904525.300 3.65 3.78 3.39
1788904527.301 3.65 3.78 3.39
1788904529.301 3.65 3.78 3.39
1788904531.302 4.40 3.94 3.44
1788904533.302 4.40 3.94 3.44
1788904535.304 5.01 4.07 3.49
1788904537.307 5.01 4.07 3.49
1788904539.313 5.01 4.07 3.49
1788904541.315 4.76 4.03 3.48
1788904543.327 4.76 4.03 3.48
1788904545.338 4.54 4.00 3.48
1788904547.340 4.54 4.00 3.48
1788904549.341 4.54 4.00 3.48
1788904551.343 4.34 3.97 3.47
1788904553.344 4.34 3.97 3.47
1788904555.344 4.15 3.93 3.46
1788904557.353 4.15 3.93 3.46
1788904559.357 4.15 3.93 3.46
1788904561.357 3.98 3.90 3.45
1788904563.358 3.98 3.90 3.45
1788904565.363 3.82 3.87 3.44
1788904567.364 3.82 3.87 3.44
1788904569.365 3.82 3.87 3.44
1788904571.367 3.75 3.86 3.44
1788904573.367 3.75 3.86 3.44
1788904575.370 3.61 3.82 3.43
1788904577.372 3.61 3.82 3.43
1788904579.382 3.61 3.82 3.43
1788904581.382 4.04 3.91 3.46
1788904583.387 4.04 3.91 3.46
1788904585.393 3.88 3.88 3.45
1788904587.393 3.88 3.88 3.45
1788904589.394 3.88 3.88 3.45
1788904591.404 4.37 3.98 3.49
1788904593.416 4.37 3.98 3.49
1788904595.419 4.02 3.91 3.47
1788904597.432 4.02 3.91 3.47
1788904599.435 4.02 3.91 3.47
1788904601.445 3.78 3.86 3.45
1788904603.455 3.78 3.86 3.45
1788904605.458 4.60 4.03 3.52
1788904607.465 4.60 4.03 3.52
1788904609.469 4.60 4.03 3.52
1788904611.478 4.39 4.00 3.51
1788904613.478 4.39 4.00 3.51
1788904615.488 5.08 4.15 3.56
1788904617.489 5.08 4.15 3.56
1788904619.496 5.08 4.15 3.56
1788904621.506 4.83 4.11 3.55
1788904623.515 4.83 4.11 3.55
1788904625.515 5.25 4.21 3.59
1788904627.515 5.25 4.21 3.59
1788904629.515 5.25 4.21 3.59
1788904631.515 5.39 4.25 3.61
1788904633.515 5.39 4.25 3.61
1788904635.525 5.11 4.22 3.60
1788904637.531 5.11 4.22 3.60
1788904639.535 5.11 4.22 3.60
1788904641.535 4.86 4.18 3.59
1788904643.543 4.86 4.18 3.59
1788904645.543 4.63 4.14 3.58
1788904647.553 4.63 4.14 3.58
1788904649.563 4.63 4.14 3.58
1788904651.563 4.50 4.12 3.58
1788904653.573 4.50 4.12 3.58
1788904655.574 4.30 4.09 3.57
1788904657.574 4.30 4.09 3.57
1788904659.582 4.30 4.09 3.57
1788904661.592 4.36 4.10 3.58
1788904663.593 4.36 4.10 3.58
1788904665.593 4.65 4.17 3.60
1788904667.603 4.65 4.17 3.60
1788904669.607 4.65 4.17 3.60
1788904671.618 4.36 4.12 3.59
1788904673.622 4.36 4.12 3.59
1788904675.622 4.09 4.06 3.57
1788904677.623 4.09 4.06 3.57
1788904679.624 4.09 4.06 3.57
1788904681.634 4.80 4.21 3.63
1788904683.637 4.80 4.21 3.63
1788904685.645 4.82 4.22 3.63
1788904687.646 4.82 4.22 3.63
1788904689.651 4.82 4.22 3.63
1788904691.651 4.51 4.17 3.62
1788904693.651 4.51 4.17 3.62
1788904695.651 5.27 4.33 3.68
1788904697.652 5.27 4.33 3.68
1788904699.652 5.27 4.33 3.68
1788904701.652 5.25 4.34 3.69
1788904703.654 5.25 4.34 3.69
1788904705.654 4.99 4.31 3.68
1788904707.655 4.99 4.31 3.68
1788904709.655 4.99 4.31 3.68
1788904711.655 4.75 4.27 3.67
1788904713.655 4.75 4.27 3.67
1788904715.655 4.53 4.23 3.66
1788904717.665 4.53 4.23 3.66
1788904719.666 4.53 4.23 3.66
1788904721.666 4.33 4.19 3.65
1788904723.673 4.33 4.19 3.65
1788904725.678 5.10 4.35 3.71
1788904727.678 5.10 4.35 3.71
1788904729.689 5.10 4.35 3.71
1788904731.699 4.85 4.31 3.70
1788904733.705 4.85 4.31 3.70
1788904735.713 5.50 4.46 3.75
1788904737.720 5.50 4.46 3.75
1788904739.731 5.50 4.46 3.75
1788904741.734 6.02 4.58 3.80
1788904743.736 6.02 4.58 3.80
1788904745.740 6.66 4.74 3.86
1788904747.742 6.66 4.74 3.86
1788904749.749 6.66 4.74 3.86
1788904751.750 6.37 4.71 3.85
1788904753.754 6.37 4.71 3.85
1788904755.754 6.02 4.67 3.84
1788904757.754 6.02 4.67 3.84
1788904759.770 6.02 4.67 3.84
1788904761.785 5.70 4.62 3.83
1788904763.795 5.70 4.62 3.83
1788904765.810 5.72 4.64 3.84
1788904767.812 5.72 4.64 3.84
1788904769.820 5.72 4.64 3.84
1788904771.820 5.98 4.72 3.87
1788904773.823 5.98 4.72 3.87
1788904775.823 5.74 4.69 3.87
1788904777.834 5.74 4.69 3.87
1788904779.835 5.74 4.69 3.87
1788904781.845 5.44 4.64 3.86
1788904783.855 5.44 4.64 3.86
1788904785.865 5.49 4.66 3.87
1788904787.875 5.49 4.66 3.87
1788904789.879 5.49 4.66 3.87
1788904791.889 5.29 4.64 3.86
1788904793.890 5.29 4.64 3.86
1788904795.898 5.91 4.77 3.92
1788904797.908 5.91 4.77 3.92
1788904799.916 5.91 4.77 3.92
1788904801.927 5.51 4.71 3.90
1788904803.927 5.51 4.71 3.90
1788904805.932 6.03 4.83 3.95
1788904807.934 6.03 4.83 3.95
1788904809.940 6.03 4.83 3.95
1788904811.950 6.91 5.03 4.02
1788904813.952 6.91 5.03 4.02
1788904815.952 7.56 5.20 4.09
1788904817.957 7.56 5.20 4.09
1788904819.963 7.56 5.20 4.09
1788904821.963 7.35 5.20 4.09
1788904823.968 7.35 5.20 4.09
1788904825.968 7.00 5.16 4.08
1788904827.968 7.00 5.16 4.08
1788904829.978 7.00 5.16 4.08
1788904831.985 6.76 5.14 4.08
1788904833.993 6.76 5.14 4.08
1788904835.994 6.38 5.09 4.07
1788904837.994 6.38 5.09 4.07
1788904839.994 6.38 5.09 4.07
1788904841.994 5.95 5.02 4.05
1788904844.004 5.95 5.02 4.05
1788904846.007 5.63 4.97 4.04
1788904848.012 5.63 4.97 4.04
1788904850.022 5.63 4.97 4.04
1788904852.032 5.34 4.92 4.03
1788904854.032 5.34 4.92 4.03
1788904856.032 5.07 4.87 4.02
1788904858.032 5.07 4.87 4.02
1788904860.040 5.07 4.87 4.02
1788904862.046 4.83 4.82 4.00
1788904864.047 4.83 4.82 4.00
1788904866.048 4.92 4.84 4.02
1788904868.048 4.92 4.84 4.02
1788904870.051 4.92 4.84 4.02
1788904872.051 5.81 5.03 4.08
1788904874.053 5.81 5.03 4.08
1788904876.053 5.66 5.01 4.08
1788904878.054 5.66 5.01 4.08
1788904880.056 5.66 5.01 4.08
1788904882.056 5.45 4.98 4.08
1788904884.070 5.45 4.98 4.08
1788904886.073 6.21 5.14 4.14
1788904888.076 6.21 5.14 4.14
1788904890.084 6.21 5.14 4.14
1788904892.084 6.36 5.19 4.16
1788904894.095 6.36 5.19 4.16
1788904896.112 6.33 5.20 4.17
1788904898.118 6.33 5.20 4.17
1788904900.129 6.33 5.20 4.17
1788904902.129 7.10 5.38 4.24
1788904904.133 7.10 5.38 4.24
1788904906.134 6.61 5.31 4.22
1788904908.135 6.61 5.31 4.22
1788904910.135 6.61 5.31 4.22
1788904912.140 6.24 5.25 4.21
1788904914.143 6.24 5.25 4.21
1788904916.147 5.98 5.22 4.20
1788904918.157 5.98 5.22 4.20
1788904920.157 5.98 5.22 4.20
1788904922.157 5.98 5.23 4.21
1788904924.161 5.98 5.23 4.21
1788904926.162 5.67 5.18 4.20
1788904928.170 5.67 5.18 4.20
1788904930.180 5.67 5.18 4.20
1788904932.181 5.37 5.12 4.19
1788904934.191 5.37 5.12 4.19
1788904936.195 5.10 5.07 4.17
1788904938.205 5.10 5.07 4.17
1788904940.205 5.10 5.07 4.17
1788904942.219 4.85 5.02 4.16
1788904944.229 4.85 5.02 4.16
1788904946.239 4.62 4.97 4.15
1788904948.249 4.62 4.97 4.15
1788904950.260 5.78 5.20 4.24
1788904952.263 5.78 5.20 4.24
1788904954.273 5.78 5.20 4.24
1788904956.283 5.63 5.18 4.23
1788904958.291 5.63 5.18 4.23
1788904960.302 5.34 5.13 4.22
1788904962.312 5.34 5.13 4.22
1788904964.322 5.34 5.13 4.22
1788904966.332 5.07 5.08 4.21
1788904968.332 5.07 5.08 4.21
1788904970.332 5.71 5.21 4.26
1788904972.338 5.71 5.21 4.26
1788904974.341 5.71 5.21 4.26
1788904976.344 6.53 5.39 4.33
1788904978.354 6.53 5.39 4.33
1788904980.354 6.57 5.41 4.34
1788904982.354 6.57 5.41 4.34
1788904984.358 6.57 5.41 4.34
1788904986.368 6.36 5.39 4.34
1788904988.371 6.36 5.39 4.34
1788904990.377 6.65 5.47 4.37
1788904992.379 6.65 5.47 4.37
1788904994.379 6.65 5.47 4.37
1788904996.379 8.04 5.77 4.49
1788904998.380 8.04 5.77 4.49
1788905000.380 12.04 6.64 4.80
1788905002.381 12.04 6.64 4.80
1788905004.387 12.04 6.64 4.80
1788905006.389 12.44 6.81 4.87
1788905008.393 12.44 6.81 4.87
1788905010.394 11.60 6.73 4.86
1788905012.394 11.60 6.73 4.86
1788905014.394 11.60 6.73 4.86
1788905016.404 12.28 6.95 4.94
1788905018.407 12.28 6.95 4.94
1788905020.416 11.45 6.87 4.93
1788905022.419 11.45 6.87 4.93
1788905024.428 11.45 6.87 4.93
1788905026.432 10.61 6.77 4.90
1788905028.435 10.61 6.77 4.90
1788905030.442 9.84 6.68 4.88
1788905032.444 9.84 6.68 4.88
1788905034.444 9.84 6.68 4.88
1788905036.452 9.14 6.58 4.86
1788905038.452 9.14 6.58 4.86
1788905040.462 8.40 6.47 4.83
1788905042.464 8.40 6.47 4.83
1788905044.466 8.40 6.47 4.83
1788905046.474 7.97 6.41 4.82
1788905048.475 7.97 6.41 4.82
1788905050.485 7.41 6.32 4.79
1788905052.492 7.41 6.32 4.79
1788905054.501 7.41 6.32 4.79
1788905056.512 6.90 6.23 4.77
1788905058.522 6.90 6.23 4.77
1788905060.532 6.43 6.15 4.75
1788905062.535 6.43 6.15 4.75
1788905064.537 6.43 6.15 4.75
1788905066.538 5.99 6.06 4.73
1788905068.548 5.99 6.06 4.73
1788905070.557 5.59 5.98 4.71
1788905072.567 5.59 5.98 4.71
1788905074.574 5.59 5.98 4.71
1788905076.584 5.22 5.89 4.68
1788905078.595 5.22 5.89 4.68
1788905080.605 6.89 6.23 4.81
1788905082.615 6.89 6.23 4.81
1788905084.621 6.89 6.23 4.81
1788905086.631 6.58 6.17 4.80
1788905088.641 6.58 6.17 4.80
1788905090.642 6.13 6.09 4.78
1788905092.652 6.13 6.09 4.78
1788905094.652 6.13 6.09 4.78
1788905096.662 5.72 6.00 4.75
1788905098.666 5.72 6.00 4.75
1788905100.666 5.58 5.97 4.75
1788905102.676 5.58 5.97 4.75
1788905104.686 5.58 5.97 4.75
1788905106.690 5.29 5.90 4.73
1788905108.691 5.29 5.90 4.73
1788905110.694 5.03 5.84 4.72
1788905112.697 5.03 5.84 4.72
1788905114.701 5.03 5.84 4.72
1788905116.708 4.87 5.79 4.71
1788905118.711 4.87 5.79 4.71
1788905120.713 4.56 5.71 4.68
1788905122.723 4.56 5.71 4.68
1788905124.734 4.56 5.71 4.68
1788905126.734 4.27 5.63 4.66
1788905128.744 4.27 5.63 4.66
1788905130.747 4.01 5.56 4.64
1788905132.748 4.01 5.56 4.64
1788905134.758 4.01 5.56 4.64
1788905136.761 3.77 5.48 4.62
1788905138.772 3.77 5.48 4.62
1788905140.782 3.63 5.42 4.60
1788905142.785 3.63 5.42 4.60
1788905144.787 3.63 5.42 4.60
1788905146.789 3.42 5.35 4.58
1788905148.797 3.42 5.35 4.58
1788905150.807 3.14 5.26 4.55
1788905152.809 3.14 5.26 4.55
1788905154.819 3.14 5.26 4.55
1788905156.829 2.97 5.19 4.53
1788905158.836 2.97 5.19 4.53
1788905160.846 2.81 5.12 4.51
1788905162.849 2.81 5.12 4.51
1788905164.859 2.81 5.12 4.51
1788905166.869 2.67 5.05 4.49
1788905168.877 2.67 5.05 4.49
1788905170.887 2.53 4.98 4.47
1788905172.897 2.53 4.98 4.47
1788905174.901 2.53 4.98 4.47
1788905176.911 2.41 4.92 4.45
1788905178.912 2.41 4.92 4.45
1788905180.912 2.30 4.85 4.43
1788905182.913 2.30 4.85 4.43
1788905184.914 2.30 4.85 4.43
1788905186.914 2.19 4.79 4.41
1788905188.918 2.19 4.79 4.41
1788905190.919 2.18 4.74 4.40
1788905192.919 2.18 4.74 4.40
1788905194.919 2.18 4.74 4.40
1788905196.920 2.16 4.69 4.38
1788905198.920 2.16 4.69 4.38
1788905200.920 2.07 4.63 4.36
1788905202.921 2.07 4.63 4.36
1788905204.921 2.07 4.63 4.36
1788905206.921 2.06 4.59 4.35
1788905208.923 2.06 4.59 4.35
1788905210.925 1.98 4.53 4.33
1788905212.926 1.98 4.53 4.33
1788905214.932 1.98 4.53 4.33
1788905216.935 1.90 4.47 4.31
1788905218.935 1.90 4.47 4.31
1788905220.939 1.99 4.45 4.30
1788905222.940 1.99 4.45 4.30
1788905224.941 1.99 4.45 4.30
1788905226.951 2.15 4.44 4.30
1788905228.953 2.15 4.44 4.30
1788905230.953 2.14 4.40 4.28
1788905232.958 2.14 4.40 4.28
1788905234.958 2.14 4.40 4.28
1788905236.959 2.20 4.37 4.28
1788905238.963 2.20 4.37 4.28
1788905240.964 2.11 4.32 4.26
1788905242.964 2.11 4.32 4.26
1788905244.965 2.11 4.32 4.26
1788905246.967 2.26 4.31 4.25
1788905248.971 2.26 4.31 4.25
1788905250.974 2.24 4.27 4.24
1788905252.978 2.24 4.27 4.24
1788905254.981 2.24 4.27 4.24
1788905256.981 2.22 4.24 4.23
1788905258.981 2.22 4.24 4.23
1788905260.982 2.12 4.18 4.21
1788905262.982 2.12 4.18 4.21
1788905264.986 2.12 4.18 4.21
1788905266.993 2.03 4.13 4.19
1788905268.993 2.03 4.13 4.19
1788905270.993 2.03 4.09 4.18
1788905272.993 2.03 4.09 4.18
1788905274.993 2.03 4.09 4.18
1788905276.994 2.51 4.16 4.20
1788905278.997 2.51 4.16 4.20
1788905280.997 2.39 4.10 4.18
1788905283.006 2.39 4.10 4.18
1788905285.007 2.39 4.10 4.18
1788905287.007 2.51 4.10 4.18
1788905289.007 2.51 4.10 4.18
1788905291.007 2.63 4.10 4.18
1788905293.007 2.63 4.10 4.18
1788905295.009 2.63 4.10 4.18
1788905297.009 2.58 4.07 4.16
1788905299.010 2.58 4.07 4.16
1788905301.013 2.54 4.03 4.15
1788905303.019 2.54 4.03 4.15
1788905305.022 2.54 4.03 4.15
1788905307.031 2.41 3.98 4.13
1788905309.035 2.41 3.98 4.13
1788905311.035 2.86 4.05 4.15
1788905313.036 2.86 4.05 4.15
1788905315.040 2.86 4.05 4.15
1788905317.040 2.95 4.05 4.15
1788905319.040 2.95 4.05 4.15
1788905321.040 2.79 3.99 4.14
1788905323.040 2.79 3.99 4.14
1788905325.041 2.79 3.99 4.14
1788905327.041 2.73 3.96 4.12
1788905329.042 2.73 3.96 4.12
1788905331.043 2.67 3.93 4.11
1788905333.043 2.67 3.93 4.11
1788905335.043 2.67 3.93 4.11
1788905337.043 2.78 3.93 4.11
1788905339.043 2.78 3.93 4.11
1788905341.044 2.72 3.90 4.10
1788905343.044 2.72 3.90 4.10
1788905345.047 2.72 3.90 4.10
1788905347.047 2.66 3.87 4.08
1788905349.047 2.66 3.87 4.08
1788905351.047 2.60 3.83 4.07
1788905353.057 2.60 3.83 4.07
1788905355.057 2.60 3.83 4.07
1788905357.058 2.56 3.80 4.06
1788905359.058 2.56 3.80 4.06
1788905361.060 2.51 3.77 4.05
1788905363.063 2.51 3.77 4.05
1788905365.074 2.51 3.77 4.05
1788905367.084 2.47 3.74 4.03
1788905369.084 2.47 3.74 4.03
1788905371.084 2.35 3.70 4.02
1788905373.094 2.35 3.70 4.02
1788905375.094 2.35 3.70 4.02
1788905377.094 2.32 3.67 4.00
1788905379.097 2.32 3.67 4.00
1788905381.102 2.30 3.64 3.99
1788905383.102 2.30 3.64 3.99
1788905385.103 2.30 3.64 3.99
1788905387.103 2.19 3.60 3.97
1788905389.104 2.19 3.60 3.97
1788905391.105 2.26 3.59 3.97
1788905393.105 2.26 3.59 3.97
1788905395.106 2.26 3.59 3.97
1788905397.106 2.24 3.56 3.96
1788905399.106 2.24 3.56 3.96
1788905401.107 2.30 3.55 3.95
1788905403.109 2.30 3.55 3.95
1788905405.109 2.30 3.55 3.95
1788905407.110 2.43 3.56 3.95
1788905409.114 2.43 3.56 3.95
1788905411.114 2.56 3.57 3.95
1788905413.114 2.56 3.57 3.95
1788905415.115 2.56 3.57 3.95
1788905417.115 2.43 3.52 3.93
1788905419.115 2.43 3.52 3.93
1788905421.119 2.32 3.48 3.92
1788905423.127 2.32 3.48 3.92
1788905425.127 2.32 3.48 3.92
1788905427.127 2.21 3.44 3.90
1788905429.127 2.21 3.44 3.90
1788905431.127 2.12 3.40 3.88
1788905433.127 2.12 3.40 3.88
1788905435.128 2.12 3.40 3.88
1788905437.128 2.03 3.36 3.86
1788905439.133 2.03 3.36 3.86
1788905441.139 1.94 3.32 3.85
1788905443.141 1.94 3.32 3.85
1788905445.141 1.94 3.32 3.85
1788905447.142 2.03 3.31 3.84
1788905449.153 2.03 3.31 3.84
1788905451.156 2.03 3.29 3.83
1788905453.156 2.03 3.29 3.83
1788905455.156 2.03 3.29 3.83
1788905457.156 2.10 3.29 3.83
1788905459.156 2.10 3.29 3.83
1788905461.158 2.10 3.27 3.81
1788905463.158 2.10 3.27 3.81
1788905465.158 2.10 3.27 3.81
1788905467.159 2.09 3.24 3.80
1788905469.164 2.09 3.24 3.80
1788905471.173 2.00 3.21 3.79
1788905473.173 2.00 3.21 3.79
1788905475.174 2.00 3.21 3.79
1788905477.174 2.00 3.19 3.78
1788905479.174 2.00 3.19 3.78
1788905481.174 2.32 3.23 3.79
1788905483.174 2.32 3.23 3.79
1788905485.184 2.32 3.23 3.79
1788905487.185 2.37 3.23 3.78
1788905489.185 2.37 3.23 3.78
1788905491.192 2.34 3.21 3.77
1788905493.195 2.34 3.21 3.77
1788905495.206 2.34 3.21 3.77
1788905497.207 2.32 3.19 3.76
1788905499.208 2.32 3.19 3.76
1788905501.213 2.45 3.20 3.76
1788905503.215 2.45 3.20 3.76
1788905505.220 2.45 3.20 3.76
1788905507.225 2.50 3.20 3.76
1788905509.235 2.50 3.20 3.76
1788905511.245 2.46 3.18 3.75
1788905513.255 2.46 3.18 3.75
1788905515.265 2.46 3.18 3.75
1788905517.275 2.42 3.16 3.74
1788905519.285 2.42 3.16 3.74
1788905521.290 2.38 3.14 3.73
1788905523.297 2.38 3.14 3.73
1788905525.298 2.38 3.14 3.73
1788905527.298 2.43 3.14 3.72
1788905529.299 2.43 3.14 3.72
1788905531.299 2.40 3.12 3.71
1788905533.308 2.40 3.12 3.71
1788905535.318 2.40 3.12 3.71
1788905537.319 2.37 3.10 3.70
1788905539.325 2.37 3.10 3.70
1788905541.326 2.34 3.08 3.69
1788905543.326 2.34 3.08 3.69
1788905545.330 2.34 3.08 3.69
1788905547.336 2.23 3.04 3.68
1788905549.337 2.23 3.04 3.68
1788905551.337 2.21 3.03 3.67
1788905553.338 2.21 3.03 3.67
1788905555.345 2.21 3.03 3.67
1788905557.345 2.11 2.99 3.65
1788905559.346 2.11 2.99 3.65
1788905561.346 2.58 3.08 3.68
1788905563.347 2.58 3.08 3.68
1788905565.347 2.58 3.08 3.68
1788905567.347 3.34 3.22 3.72
1788905569.348 3.34 3.22 3.72
1788905571.355 3.23 3.20 3.71
1788905573.355 3.23 3.20 3.71
1788905575.356 3.23 3.20 3.71
1788905577.357 3.13 3.18 3.70
1788905579.358 3.13 3.18 3.70
1788905581.358 3.04 3.16 3.69
1788905583.364 3.04 3.16 3.69
1788905585.364 3.04 3.16 3.69
1788905587.364 3.28 3.21 3.71
1788905589.364 3.28 3.21 3.71
1788905591.367 3.82 3.32 3.74
1788905593.368 3.82 3.32 3.74
1788905595.373 3.82 3.32 3.74
1788905597.373 3.67 3.30 3.73
1788905599.373 3.67 3.30 3.73
1788905601.380 4.42 3.46 3.79
1788905603.380 4.42 3.46 3.79
1788905605.382 4.42 3.46 3.79
1788905607.383 4.38 3.47 3.79
1788905609.383 4.38 3.47 3.79
1788905611.383 4.27 3.46 3.78
1788905613.390 4.27 3.46 3.78
1788905615.390 4.27 3.46 3.78
1788905617.401 4.09 3.44 3.77
1788905619.405 4.09 3.44 3.77
1788905621.406 4.72 3.58 3.82
1788905623.406 4.72 3.58 3.82
1788905625.417 4.72 3.58 3.82
1788905627.418 4.59 3.57 3.82
1788905629.425 4.59 3.57 3.82
1788905631.425 4.38 3.54 3.81
1788905633.428 4.38 3.54 3.81
1788905635.433 4.38 3.54 3.81
1788905637.437 4.19 3.52 3.79
1788905639.438 4.19 3.52 3.79
1788905641.448 3.93 3.48 3.78
1788905643.451 3.93 3.48 3.78
1788905645.453 3.93 3.48 3.78
1788905647.454 3.78 3.45 3.77
1788905649.454 3.78 3.45 3.77
1788905651.455 3.55 3.41 3.75
1788905653.455 3.55 3.41 3.75
1788905655.462 3.55 3.41 3.75
1788905657.463 3.35 3.37 3.73
1788905659.464 3.35 3.37 3.73
1788905661.464 3.16 3.33 3.72
1788905663.464 3.16 3.33 3.72
1788905665.464 3.16 3.33 3.72
1788905667.474 3.15 3.32 3.71
1788905669.482 3.15 3.32 3.71
1788905671.482 3.06 3.30 3.70
1788905673.486 3.06 3.30 3.70
1788905675.491 3.06 3.30 3.70
1788905677.494 2.89 3.26 3.69
1788905679.494 2.89 3.26 3.69
1788905681.494 2.74 3.23 3.67
1788905683.494 2.74 3.23 3.67
1788905685.494 2.74 3.23 3.67
1788905687.498 2.76 3.22 3.67
1788905689.498 2.76 3.22 3.67
1788905691.505 2.70 3.20 3.66
1788905693.505 2.70 3.20 3.66
1788905695.505 2.70 3.20 3.66
1788905697.509 2.64 3.18 3.65
1788905699.519 2.64 3.18 3.65
1788905701.518 2.75 3.19 3.65
1788905703.518 2.75 3.19 3.65
1788905705.517 2.77 3.19 3.65
1788905707.524 2.77 3.19 3.65
1788905709.526 2.77 3.19 3.65
1788905711.526 2.71 3.17 3.64
1788905713.526 2.71 3.17 3.64
1788905715.529 2.65 3.15 3.63
1788905717.529 2.65 3.15 3.63
1788905719.538 2.65 3.15 3.63
1788905721.538 2.84 3.18 3.63
1788905723.548 2.84 3.18 3.63
1788905725.558 2.85 3.18 3.63
1788905727.558 2.85 3.18 3.63
1788905729.558 2.85 3.18 3.63
1788905731.567 2.78 3.16 3.62
1788905733.569 2.78 3.16 3.62
1788905735.570 2.72 3.14 3.61
1788905737.570 2.72 3.14 3.61
1788905739.570 2.72 3.14 3.61
1788905741.579 2.90 3.17 3.62
1788905743.581 2.90 3.17 3.62
1788905745.581 2.99 3.18 3.62
1788905747.582 2.99 3.18 3.62
1788905749.583 2.99 3.18 3.62
1788905751.587 2.91 3.16 3.61
1788905753.587 2.91 3.16 3.61
1788905755.587 3.08 3.19 3.62
1788905757.593 3.08 3.19 3.62
1788905759.597 3.08 3.19 3.62
1788905761.601 3.07 3.19 3.61
1788905763.602 3.07 3.19 3.61
1788905765.605 2.91 3.15 3.60
1788905767.606 2.91 3.15 3.60
1788905769.608 2.91 3.15 3.60
1788905771.610 2.83 3.13 3.59
1788905773.615 2.83 3.13 3.59
1788905775.615 2.85 3.13 3.58
1788905777.615 2.85 3.13 3.58
1788905779.617 2.85 3.13 3.58
1788905781.617 2.86 3.13 3.58
1788905783.618 2.86 3.13 3.58
1788905785.619 2.79 3.11 3.57
1788905787.619 2.79 3.11 3.57
1788905789.619 2.79 3.11 3.57
1788905791.619 2.73 3.09 3.56
1788905793.619 2.73 3.09 3.56
1788905795.620 2.75 3.09 3.56
1788905797.620 2.75 3.09 3.56
1788905799.621 2.75 3.09 3.56
1788905801.623 2.85 3.10 3.56
1788905803.633 2.85 3.10 3.56
1788905805.633 3.42 3.22 3.60
1788905807.635 3.42 3.22 3.60
1788905809.638 3.42 3.22 3.60
1788905811.638 3.31 3.20 3.59
1788905813.640 3.31 3.20 3.59
1788905815.642 3.20 3.18 3.58
1788905817.652 3.20 3.18 3.58
1788905819.657 3.20 3.18 3.58
1788905821.663 3.10 3.16 3.57
1788905823.663 3.10 3.16 3.57
1788905825.667 3.02 3.14 3.56
1788905827.677 3.02 3.14 3.56
1788905829.677 3.02 3.14 3.56
1788905831.687 2.93 3.12 3.55
1788905833.687 2.93 3.12 3.55
1788905835.692 2.78 3.08 3.54
1788905837.692 2.78 3.08 3.54
1788905839.702 2.78 3.08 3.54
1788905841.703 3.28 3.18 3.57
1788905843.705 3.28 3.18 3.57
1788905845.705 3.17 3.16 3.56
1788905847.707 3.17 3.16 3.56
1788905849.709 3.17 3.16 3.56
1788905851.718 3.08 3.14 3.55
1788905853.718 3.08 3.14 3.55
1788905855.719 2.99 3.12 3.54
1788905857.720 2.99 3.12 3.54
1788905859.730 2.99 3.12 3.54
1788905861.731 2.91 3.10 3.53
1788905863.731 2.91 3.10 3.53
1788905865.732 2.76 3.07 3.52
1788905867.737 2.76 3.07 3.52
1788905869.738 2.76 3.07 3.52
1788905871.744 2.70 3.05 3.51
1788905873.744 2.70 3.05 3.51
1788905875.754 2.56 3.02 3.49
1788905877.757 2.56 3.02 3.49
1788905879.757 2.56 3.02 3.49
1788905881.764 2.52 3.00 3.48
1788905883.764 2.52 3.00 3.48
1788905885.765 2.40 2.97 3.47
1788905887.765 2.40 2.97 3.47
1788905889.767 2.40 2.97 3.47
1788905891.769 2.36 2.95 3.46
1788905893.769 2.36 2.95 3.46
1788905895.779 2.33 2.93 3.45
1788905897.789 2.33 2.93 3.45
1788905899.795 2.33 2.93 3.45
1788905901.795 2.31 2.92 3.44
1788905903.798 2.31 2.92 3.44
1788905905.799 2.60 2.97 3.46
1788905907.802 2.60 2.97 3.46
1788905909.802 2.60 2.97 3.46
1788905911.811 2.64 2.97 3.45
1788905913.812 2.64 2.97 3.45
1788905915.812 2.58 2.95 3.44
1788905917.813 2.58 2.95 3.44
1788905919.823 2.58 2.95 3.44
1788905921.823 2.54 2.94 3.44
1788905923.830 2.54 2.94 3.44
1788905925.830 2.49 2.92 3.43
1788905927.833 2.49 2.92 3.43
1788905929.835 2.49 2.92 3.43
1788905931.845 2.37 2.89 3.41
1788905933.846 2.37 2.89 3.41
1788905935.846 2.34 2.88 3.40
1788905937.851 2.34 2.88 3.40
1788905939.854 2.34 2.88 3.40
1788905941.862 2.32 2.86 3.40
1788905943.862 2.32 2.86 3.40
1788905945.863 2.29 2.85 3.39
1788905947.863 2.29 2.85 3.39
1788905949.865 2.29 2.85 3.39
1788905951.873 2.27 2.83 3.38
1788905953.883 2.27 2.83 3.38
1788905955.889 2.25 2.82 3.37
1788905957.891 2.25 2.82 3.37
1788905959.898 2.25 2.82 3.37
1788905961.908 2.63 2.89 3.39
1788905963.909 2.63 2.89 3.39
1788905965.909 2.50 2.85 3.38
1788905967.917 2.50 2.85 3.38
1788905969.920 2.50 2.85 3.38
1788905971.926 2.54 2.86 3.38
1788905973.926 2.54 2.86 3.38
1788905975.926 2.49 2.84 3.37
1788905977.928 2.49 2.84 3.37
1788905979.929 2.49 2.84 3.37
1788905981.934 3.57 3.06 3.44
1788905983.939 3.57 3.06 3.44
1788905985.939 3.53 3.06 3.44
1788905987.941 3.53 3.06 3.44
1788905989.948 3.53 3.06 3.44
1788905991.950 3.65 3.09 3.45
1788905993.954 3.65 3.09 3.45
1788905995.954 3.43 3.06 3.43
1788905997.955 3.43 3.06 3.43
1788905999.956 3.43 3.06 3.43
1788906001.957 3.40 3.05 3.43
1788906003.960 3.40 3.05 3.43
1788906005.961 4.17 3.22 3.48
1788906007.971 4.17 3.22 3.48
1788906009.971 4.17 3.22 3.48
1788906011.971 4.07 3.22 3.48
1788906013.972 4.07 3.22 3.48
1788906015.974 4.79 3.38 3.54
1788906017.975 4.79 3.38 3.54
1788906019.975 4.79 3.38 3.54
1788906021.977 4.56 3.35 3.53
1788906023.978 4.56 3.35 3.53
1788906025.982 5.00 3.46 3.57
1788906027.982 5.00 3.46 3.57
1788906029.989 5.00 3.46 3.57
1788906031.998 4.76 3.44 3.56
1788906034.002 4.76 3.44 3.56
1788906036.010 5.42 3.60 3.61
1788906038.011 5.42 3.60 3.61
1788906040.011 5.42 3.60 3.61
1788906042.021 5.14 3.57 3.60
1788906044.021 5.14 3.57 3.60
1788906046.023 5.05 3.58 3.60
1788906048.028 5.05 3.58 3.60
1788906050.028 5.05 3.58 3.60
1788906052.037 4.81 3.55 3.59
1788906054.037 4.81 3.55 3.59
1788906056.040 5.30 3.68 3.64
1788906058.040 5.30 3.68 3.64
1788906060.045 5.30 3.68 3.64
1788906062.045 5.04 3.65 3.63
1788906064.046 5.04 3.65 3.63
1788906066.050 4.88 3.64 3.62
1788906068.059 4.88 3.64 3.62
1788906070.059 4.88 3.64 3.62
1788906072.066 4.81 3.64 3.62
1788906074.066 4.81 3.64 3.62
1788906076.069 4.58 3.62 3.62
1788906078.069 4.58 3.62 3.62
1788906080.079 4.58 3.62 3.62
1788906082.080 4.45 3.61 3.61
1788906084.081 4.45 3.61 3.61
1788906086.081 4.34 3.60 3.61
1788906088.083 4.34 3.60 3.61
1788906090.083 4.34 3.60 3.61
1788906092.084 4.23 3.58 3.60
1788906094.094 4.23 3.58 3.60
1788906096.094 4.93 3.74 3.66
1788906098.094 4.93 3.74 3.66
1788906100.101 4.93 3.74 3.66
1788906102.101 4.70 3.71 3.65
1788906104.101 4.70 3.71 3.65
1788906106.104 5.52 3.90 3.71
1788906108.108 5.52 3.90 3.71
1788906110.118 5.52 3.90 3.71
1788906112.119 5.24 3.87 3.70
1788906114.122 5.24 3.87 3.70
1788906116.125 4.90 3.82 3.69
1788906118.130 4.90 3.82 3.69
1788906120.133 4.90 3.82 3.69
1788906122.143 4.75 3.81 3.68
1788906124.144 4.75 3.81 3.68
1788906126.145 4.53 3.78 3.67
1788906128.145 4.53 3.78 3.67
1788906130.146 4.53 3.78 3.67
1788906132.156 4.80 3.85 3.70
1788906134.164 4.80 3.85 3.70
1788906136.164 4.50 3.80 3.68
1788906138.165 4.50 3.80 3.68
1788906140.165 4.50 3.80 3.68
1788906142.177 4.30 3.77 3.67
1788906144.177 4.30 3.77 3.67
1788906146.187 4.27 3.77 3.67
1788906148.187 4.27 3.77 3.67
1788906150.188 4.27 3.77 3.67
1788906152.197 4.41 3.81 3.69
1788906154.206 4.41 3.81 3.69
1788906156.206 4.22 3.78 3.68
1788906158.206 4.22 3.78 3.68
1788906160.207 4.22 3.78 3.68
1788906162.217 4.04 3.75 3.67
1788906164.218 4.04 3.75 3.67
1788906166.218 4.68 3.88 3.72
1788906168.218 4.68 3.88 3.72
1788906170.218 4.68 3.88 3.72
1788906172.220 4.46 3.85 3.71
1788906174.220 4.46 3.85 3.71
1788906176.221 4.99 3.97 3.75
1788906178.221 4.99 3.97 3.75
1788906180.221 4.99 3.97 3.75
1788906182.221 5.07 4.00 3.76
1788906184.221 5.07 4.00 3.76
1788906186.231 4.82 3.97 3.75
1788906188.246 4.82 3.97 3.75
1788906190.249 4.82 3.97 3.75
1788906192.249 4.52 3.92 3.73
1788906194.249 4.52 3.92 3.73
1788906196.250 4.31 3.89 3.72
1788906198.260 4.31 3.89 3.72
1788906200.261 4.31 3.89 3.72
1788906202.262 4.05 3.84 3.71
1788906204.266 4.05 3.84 3.71
1788906206.266 3.96 3.83 3.70
1788906208.266 3.96 3.83 3.70
1788906210.276 3.96 3.83 3.70
1788906212.281 4.21 3.88 3.72
1788906214.288 4.21 3.88 3.72
1788906216.289 5.55 4.16 3.82
1788906218.289 5.55 4.16 3.82
1788906220.293 5.55 4.16 3.82
1788906222.306 5.27 4.13 3.81
1788906224.306 5.27 4.13 3.81
1788906226.306 4.93 4.07 3.80
1788906228.306 4.93 4.07 3.80
1788906230.306 4.93 4.07 3.80
1788906232.314 4.85 4.07 3.80
1788906234.321 4.85 4.07 3.80
1788906236.331 4.70 4.05 3.79
1788906238.339 4.70 4.05 3.79
1788906240.340 4.70 4.05 3.79
1788906242.343 4.49 4.02 3.78
1788906244.352 4.49 4.02 3.78
1788906246.355 5.17 4.17 3.83
1788906248.357 5.17 4.17 3.83
1788906250.357 5.17 4.17 3.83
1788906252.361 4.99 4.15 3.83
1788906254.365 4.99 4.15 3.83
1788906256.371 4.75 4.11 3.82
1788906258.375 4.75 4.11 3.82
1788906260.385 4.75 4.11 3.82
1788906262.392 4.61 4.10 3.81
1788906264.400 4.61 4.10 3.81
1788906266.410 5.36 4.26 3.87
1788906268.410 5.36 4.26 3.87
1788906270.410 5.36 4.26 3.87
1788906272.415 5.90 4.39 3.92
1788906274.424 5.90 4.39 3.92
1788906276.425 5.66 4.36 3.92
1788906278.425 5.66 4.36 3.92
1788906280.425 5.66 4.36 3.92
1788906282.426 5.37 4.32 3.90
1788906284.427 5.37 4.32 3.90
1788906286.437 5.18 4.30 3.90
1788906288.445 5.18 4.30 3.90
1788906290.455 5.18 4.30 3.90
1788906292.460 4.93 4.26 3.89
1788906294.466 4.93 4.26 3.89
1788906296.476 5.57 4.41 3.94
1788906298.476 5.57 4.41 3.94
1788906300.478 5.57 4.41 3.94
1788906302.482 5.29 4.37 3.93
1788906304.482 5.29 4.37 3.93
1788906306.485 5.02 4.33 3.92
1788906308.485 5.02 4.33 3.92
1788906310.485 5.02 4.33 3.92
1788906312.492 5.74 4.49 3.98
1788906314.495 5.74 4.49 3.98
1788906316.498 5.44 4.45 3.96
1788906318.507 5.44 4.45 3.96
1788906320.507 5.44 4.45 3.96
1788906322.508 5.25 4.42 3.96
1788906324.510 5.25 4.42 3.96
1788906326.517 5.07 4.40 3.95
1788906328.526 5.07 4.40 3.95
1788906330.527 5.07 4.40 3.95
1788906332.527 4.74 4.34 3.93
1788906334.537 4.74 4.34 3.93
1788906336.538 4.60 4.32 3.93
1788906338.543 4.60 4.32 3.93
1788906340.554 4.60 4.32 3.93
1788906342.560 4.39 4.28 3.92
1788906344.561 4.39 4.28 3.92
1788906346.563 4.68 4.34 3.94
1788906348.576 4.68 4.34 3.94
1788906350.586 4.68 4.34 3.94
1788906352.593 4.63 4.34 3.94
1788906354.594 4.63 4.34 3.94
1788906356.596 5.22 4.46 3.99
1788906358.597 5.22 4.46 3.99
1788906360.606 5.22 4.46 3.99
1788906362.619 5.84 4.61 4.04
1788906364.620 5.84 4.61 4.04
1788906366.620 5.53 4.56 4.03
1788906368.630 5.53 4.56 4.03
1788906370.633 5.53 4.56 4.03
1788906372.644 5.25 4.52 4.02
1788906374.644 5.25 4.52 4.02
1788906376.644 5.07 4.49 4.01
1788906378.644 5.07 4.49 4.01
1788906380.651 5.07 4.49 4.01
1788906382.661 4.82 4.45 4.00
1788906384.666 4.82 4.45 4.00
1788906386.677 5.64 4.63 4.06
1788906388.683 5.64 4.63 4.06
1788906390.685 5.64 4.63 4.06
1788906392.685 5.51 4.62 4.06
1788906394.685 5.51 4.62 4.06
1788906396.685 6.11 4.76 4.11
1788906398.686 6.11 4.76 4.11
1788906400.687 6.11 4.76 4.11
1788906402.688 6.02 4.76 4.12
1788906404.693 6.02 4.76 4.12
1788906406.694 5.78 4.73 4.11
1788906408.697 5.78 4.73 4.11
1788906410.697 5.78 4.73 4.11
1788906412.699 6.51 4.90 4.17
1788906414.700 6.51 4.90 4.17
1788906416.710 6.23 4.87 4.17
1788906418.720 6.23 4.87 4.17
1788906420.720 6.23 4.87 4.17
1788906422.723 6.53 4.95 4.20
1788906424.723 6.53 4.95 4.20
1788906426.730 6.25 4.92 4.19
1788906428.730 6.25 4.92 4.19
1788906430.739 6.25 4.92 4.19
1788906432.749 6.87 5.07 4.25
1788906434.751 6.87 5.07 4.25
1788906436.761 6.56 5.04 4.24
1788906438.772 6.56 5.04 4.24
1788906440.782 6.56 5.04 4.24
1788906442.792 6.20 4.99 4.23
1788906444.792 6.20 4.99 4.23
1788906446.792 5.94 4.95 4.22
1788906448.792 5.94 4.95 4.22
1788906450.802 5.94 4.95 4.22
1788906452.812 5.62 4.90 4.21
1788906454.822 5.62 4.90 4.21
1788906456.822 5.33 4.86 4.20
1788906458.832 5.33 4.86 4.20
1788906460.842 5.33 4.86 4.20
1788906462.843 6.11 5.02 4.26
1788906464.847 6.11 5.02 4.26
1788906466.857 6.66 5.16 4.31
1788906468.863 6.66 5.16 4.31
1788906470.873 6.66 5.16 4.31
1788906472.884 6.29 5.10 4.30
1788906474.886 6.29 5.10 4.30
1788906476.896 5.94 5.05 4.28
1788906478.907 5.94 5.05 4.28
1788906480.917 5.94 5.05 4.28
1788906482.927 5.63 5.00 4.27
1788906484.937 5.63 5.00 4.27
1788906486.937 5.34 4.95 4.26
1788906488.940 5.34 4.95 4.26
1788906490.944 5.34 4.95 4.26
1788906492.951 6.75 5.25 4.36
1788906494.961 6.75 5.25 4.36
1788906496.966 6.85 5.29 4.39
1788906498.966 6.85 5.29 4.39
1788906500.967 6.85 5.29 4.39
1788906502.967 8.54 5.67 4.52
1788906504.974 8.54 5.67 4.52
1788906506.978 9.54 5.93 4.62
1788906508.982 9.54 5.93 4.62
1788906510.982 9.54 5.93 4.62
1788906512.987 9.58 5.99 4.65
1788906514.988 9.58 5.99 4.65
1788906516.992 25.31 9.31 5.83
1788906518.992 25.31 9.31 5.83
1788906520.998 25.31 9.31 5.83
1788906523.003 24.56 9.42 5.89
1788906525.012 24.56 9.42 5.89
1788906527.022 22.75 9.30 5.87
1788906529.022 22.75 9.30 5.87
1788906531.023 22.75 9.30 5.87
1788906533.023 23.17 9.61 6.00
1788906535.023 23.17 9.61 6.00
1788906537.026 21.32 9.45 5.96
1788906539.032 21.32 9.45 5.96
1788906541.034 21.32 9.45 5.96
1788906543.036 19.77 9.33 5.94
1788906545.039 19.77 9.33 5.94
1788906547.042 18.43 9.22 5.92
1788906549.049 18.43 9.22 5.92
1788906551.052 18.43 9.22 5.92
1788906553.055 17.03 9.08 5.89
1788906555.056 17.03 9.08 5.89
1788906557.066 15.75 8.95 5.86
1788906559.072 15.75 8.95 5.86
1788906561.082 15.75 8.95 5.86
1788906563.092 14.57 8.82 5.83
1788906565.102 14.57 8.82 5.83
1788906567.113 13.48 8.69 5.81
1788906569.123 13.48 8.69 5.81
1788906571.133 13.48 8.69 5.81
1788906573.143 12.48 8.56 5.78
1788906575.146 12.48 8.56 5.78
1788906577.156 11.56 8.43 5.75
1788906579.159 11.56 8.43 5.75
1788906581.162 11.56 8.43 5.75
1788906583.172 10.71 8.31 5.72
1788906585.174 10.71 8.31 5.72
1788906587.184 9.94 8.19 5.69
1788906589.194 9.94 8.19 5.69
1788906591.204 9.94 8.19 5.69
1788906593.214 9.22 8.07 5.67
1788906595.225 9.22 8.07 5.67
1788906597.235 8.56 7.95 5.64
1788906599.245 8.56 7.95 5.64
1788906601.255 7.96 7.84 5.61
1788906603.265 7.96 7.84 5.61
1788906605.269 7.96 7.84 5.61
1788906607.279 7.40 7.72 5.58
1788906609.289 7.40 7.72 5.58
1788906611.299 6.81 7.59 5.55
1788906613.309 6.81 7.59 5.55
1788906615.310 6.81 7.59 5.55
1788906617.314 6.34 7.48 5.52
1788906619.317 6.34 7.48 5.52
1788906621.327 6.07 7.41 5.51
1788906623.337 6.07 7.41 5.51
1788906625.342 6.07 7.41 5.51
1788906627.349 5.59 7.29 5.48
1788906629.354 5.59 7.29 5.48
1788906631.355 5.22 7.18 5.45
1788906633.361 5.22 7.18 5.45
1788906635.363 5.22 7.18 5.45
1788906637.366 4.88 7.08 5.42
1788906639.376 4.88 7.08 5.42
1788906641.386 4.57 6.98 5.40
1788906643.387 4.57 6.98 5.40
1788906645.388 4.57 6.98 5.40
1788906647.389 4.28 6.88 5.37
1788906649.394 4.28 6.88 5.37
1788906651.404 4.02 6.78 5.34
1788906653.415 4.02 6.78 5.34
1788906655.425 4.02 6.78 5.34
1788906657.427 3.78 6.68 5.32
1788906659.437 3.78 6.68 5.32
1788906661.447 3.56 6.59 5.29
1788906663.453 3.56 6.59 5.29
1788906665.456 3.56 6.59 5.29
1788906667.466 3.35 6.50 5.27
1788906669.471 3.35 6.50 5.27
1788906671.481 3.16 6.41 5.24
1788906673.491 3.16 6.41 5.24
1788906675.502 3.16 6.41 5.24
1788906677.512 2.99 6.32 5.22
1788906679.522 2.99 6.32 5.22
1788906681.527 2.83 6.23 5.19
1788906683.535 2.83 6.23 5.19
1788906685.545 2.83 6.23 5.19
1788906687.555 2.68 6.14 5.17
1788906689.565 2.68 6.14 5.17
1788906691.575 2.47 6.04 5.14
1788906693.583 2.47 6.04 5.14
1788906695.584 2.47 6.04 5.14
1788906697.585 2.43 5.97 5.12
1788906699.590 2.43 5.97 5.12
1788906701.592 2.40 5.90 5.10
1788906703.596 2.40 5.90 5.10
1788906705.597 2.40 5.90 5.10
1788906707.598 2.44 5.86 5.09
1788906709.598 2.44 5.86 5.09
1788906711.598 2.33 5.77 5.06
1788906713.598 2.33 5.77 5.06
1788906715.604 2.33 5.77 5.06
1788906717.604 2.30 5.71 5.04
1788906719.604 2.30 5.71 5.04
1788906721.614 2.36 5.67 5.03
1788906723.616 2.36 5.67 5.03
1788906725.618 2.36 5.67 5.03
1788906727.623 2.25 5.59 5.01
1788906729.626 2.25 5.59 5.01
1788906731.628 2.31 5.55 5.00
1788906733.631 2.31 5.55 5.00
1788906735.632 2.31 5.55 5.00
1788906737.642 2.36 5.50 4.98
1788906739.642 2.36 5.50 4.98
1788906741.642 2.41 5.46 4.97
1788906743.647 2.41 5.46 4.97
1788906745.647 2.41 5.46 4.97
1788906747.647 2.54 5.44 4.97
1788906749.648 2.54 5.44 4.97
1788906751.652 2.50 5.38 4.95
1788906753.654 2.50 5.38 4.95
1788906755.654 2.50 5.38 4.95
1788906757.655 2.38 5.31 4.93
1788906759.659 2.38 5.31 4.93
1788906761.659 2.43 5.27 4.91
1788906763.660 2.43 5.27 4.91
1788906765.660 2.43 5.27 4.91
1788906767.660 2.39 5.21 4.90
1788906769.665 2.39 5.21 4.90
1788906771.675 2.36 5.16 4.88
1788906773.675 2.36 5.16 4.88
1788906775.675 2.36 5.16 4.88
1788906777.676 2.25 5.09 4.86
1788906779.676 2.25 5.09 4.86
1788906781.677 2.23 5.04 4.84
1788906783.678 2.23 5.04 4.84
1788906785.688 2.23 5.04 4.84
1788906787.692 2.21 4.99 4.82
1788906789.697 2.21 4.99 4.82
1788906791.701 2.28 4.95 4.81
1788906793.707 2.28 4.95 4.81
1788906795.710 2.28 4.95 4.81
1788906797.714 2.17 4.89 4.79
1788906799.717 2.17 4.89 4.79
1788906801.720 2.16 4.84 4.77
1788906803.722 2.16 4.84 4.77
1788906805.724 2.16 4.84 4.77
1788906807.725 2.15 4.79 4.76
1788906809.727 2.15 4.79 4.76
1788906811.734 2.13 4.75 4.74
1788906813.735 2.13 4.75 4.74
1788906815.736 2.13 4.75 4.74
1788906817.737 2.04 4.68 4.72
1788906819.747 2.04 4.68 4.72
1788906821.748 2.04 4.64 4.70
1788906823.749 2.04 4.64 4.70
1788906825.751 2.04 4.64 4.70
1788906827.751 2.04 4.60 4.69
1788906829.755 2.04 4.60 4.69
1788906831.761 2.19 4.58 4.68
1788906833.771 2.19 4.58 4.68
1788906835.772 2.19 4.58 4.68
1788906837.772 2.26 4.56 4.67
1788906839.772 2.26 4.56 4.67
1788906841.773 2.16 4.50 4.65
1788906843.775 2.16 4.50 4.65
1788906845.777 2.16 4.50 4.65
1788906847.777 2.06 4.44 4.63
1788906849.778 2.06 4.44 4.63
1788906851.778 2.14 4.42 4.62
1788906853.779 2.14 4.42 4.62
1788906855.779 2.14 4.42 4.62
1788906857.779 2.05 4.36 4.60
1788906859.779 2.05 4.36 4.60
1788906861.785 3.08 4.54 4.66
1788906863.795 3.08 4.54 4.66
1788906865.795 3.08 4.54 4.66
1788906867.805 3.00 4.49 4.64
1788906869.806 3.00 4.49 4.64
1788906871.816 2.92 4.45 4.63
1788906873.817 2.92 4.45 4.63
1788906875.819 2.92 4.45 4.63
1788906877.820 3.00 4.44 4.62
1788906879.820 3.00 4.44 4.62
1788906881.822 2.92 4.40 4.61
1788906883.833 2.92 4.40 4.61
1788906885.837 2.92 4.40 4.61
1788906887.837 2.85 4.36 4.59
1788906889.838 2.85 4.36 4.59
1788906891.838 2.78 4.32 4.58
1788906893.838 2.78 4.32 4.58
1788906895.838 2.78 4.32 4.58
1788906897.845 2.72 4.28 4.56
1788906899.846 2.72 4.28 4.56
1788906901.851 2.74 4.26 4.55
1788906903.851 2.74 4.26 4.55
1788906905.852 2.74 4.26 4.55
1788906907.852 3.00 4.29 4.56
1788906909.852 3.00 4.29 4.56
1788906911.852 3.16 4.30 4.56
1788906913.857 3.16 4.30 4.56
1788906915.857 3.16 4.30 4.56
1788906917.862 3.07 4.27 4.55
1788906919.862 3.07 4.27 4.55
1788906921.872 3.70 4.38 4.58
1788906923.872 3.70 4.38 4.58
1788906925.877 3.70 4.38 4.58
1788906927.877 3.65 4.35 4.57
1788906929.879 3.65 4.35 4.57
1788906931.879 3.51 4.31 4.56
1788906933.889 3.51 4.31 4.56
1788906935.889 3.51 4.31 4.56
1788906937.889 3.39 4.28 4.54
1788906939.891 3.39 4.28 4.54
1788906941.891 3.20 4.22 4.52
1788906943.898 3.20 4.22 4.52
1788906945.898 3.20 4.22 4.52
1788906947.899 3.18 4.20 4.51
1788906949.899 3.18 4.20 4.51
1788906951.899 3.01 4.15 4.49
1788906953.899 3.01 4.15 4.49
1788906955.900 3.01 4.15 4.49
1788906957.903 3.25 4.18 4.50
1788906959.906 3.25 4.18 4.50
1788906961.906 3.07 4.12 4.48
1788906963.906 3.07 4.12 4.48
1788906965.916 3.07 4.12 4.48
1788906967.917 2.98 4.09 4.47
1788906969.917 2.98 4.09 4.47
1788906971.917 2.98 4.07 4.46
1788906973.917 2.98 4.07 4.46
1788906975.917 2.98 4.07 4.46
1788906977.917 2.98 4.05 4.45
1788906979.918 2.98 4.05 4.45
1788906981.918 2.90 4.02 4.43
1788906983.918 2.90 4.02 4.43
1788906985.918 2.90 4.02 4.43
1788906987.918 2.83 3.98 4.42
1788906989.919 2.83 3.98 4.42
1788906991.928 2.77 3.95 4.40
1788906993.928 2.77 3.95 4.40
1788906995.928 2.77 3.95 4.40
1788906997.932 2.62 3.90 4.38
1788906999.939 2.62 3.90 4.38
1788907001.949 2.65 3.89 4.38
1788907003.949 2.65 3.89 4.38
1788907005.959 2.65 3.89 4.38
1788907007.965 2.60 3.85 4.36
1788907009.966 2.60 3.85 4.36
1788907011.976 2.55 3.82 4.35
1788907013.976 2.55 3.82 4.35
1788907015.985 2.55 3.82 4.35
1788907017.986 2.59 3.81 4.34
1788907019.986 2.59 3.81 4.34
1788907021.986 2.54 3.78 4.33
1788907023.987 2.54 3.78 4.33
1788907025.997 2.54 3.78 4.33
1788907028.004 2.50 3.75 4.31
1788907030.004 2.50 3.75 4.31
1788907032.004 2.46 3.72 4.30
1788907034.014 2.46 3.72 4.30
1788907036.024 2.46 3.72 4.30
1788907038.033 2.58 3.72 4.30
1788907040.033 2.58 3.72 4.30
1788907042.037 2.53 3.70 4.28
1788907044.047 2.53 3.70 4.28
1788907046.051 2.53 3.70 4.28
1788907048.052 2.65 3.70 4.28
1788907050.057 2.65 3.70 4.28
1788907052.058 2.68 3.69 4.27
1788907054.058 2.68 3.69 4.27
1788907056.058 2.68 3.69 4.27
1788907058.058 2.70 3.68 4.26
1788907060.059 2.70 3.68 4.26
1788907062.060 2.73 3.67 4.26
1788907064.061 2.73 3.67 4.26
1788907066.067 2.73 3.67 4.26
1788907068.073 3.39 3.79 4.30
1788907070.073 3.39 3.79 4.30
1788907072.075 3.36 3.77 4.29
1788907074.075 3.36 3.77 4.29
1788907076.075 3.36 3.77 4.29
1788907078.076 3.49 3.79 4.29
1788907080.076 3.49 3.79 4.29
1788907082.076 3.85 3.86 4.31
1788907084.076 3.85 3.86 4.31
1788907086.076 3.85 3.86 4.31
1788907088.077 3.78 3.85 4.31
1788907090.078 3.78 3.85 4.31
1788907092.078 3.72 3.83 4.30
1788907094.079 3.72 3.83 4.30
1788907096.083 3.72 3.83 4.30
1788907098.083 3.66 3.82 4.29
1788907100.084 3.66 3.82 4.29
1788907102.085 4.25 3.94 4.33
1788907104.085 4.25 3.94 4.33
1788907106.086 4.25 3.94 4.33
1788907108.089 4.07 3.91 4.32
1788907110.096 4.07 3.91 4.32
1788907112.096 4.38 3.98 4.34
1788907114.097 4.38 3.98 4.34
1788907116.099 4.38 3.98 4.34
1788907118.100 4.19 3.94 4.32
1788907120.100 4.19 3.94 4.32
1788907122.106 4.66 4.04 4.36
1788907124.110 4.66 4.04 4.36
1788907126.112 4.66 4.04 4.36
1788907128.113 4.44 4.01 4.34
1788907130.114 4.44 4.01 4.34
1788907132.115 4.25 3.97 4.33
1788907134.118 4.25 3.97 4.33
1788907136.122 4.25 3.97 4.33
1788907138.123 4.15 3.96 4.32
1788907140.131 4.15 3.96 4.32
1788907142.135 4.22 3.98 4.32
1788907144.136 4.22 3.98 4.32
1788907146.136 4.22 3.98 4.32
1788907148.140 4.68 4.07 4.36
1788907150.150 4.68 4.07 4.36
1788907152.151 4.78 4.11 4.37
1788907154.151 4.78 4.11 4.37
1788907156.161 4.78 4.11 4.37
1788907158.170 4.64 4.09 4.36
1788907160.172 4.64 4.09 4.36
1788907162.178 4.51 4.07 4.35
1788907164.189 4.51 4.07 4.35
1788907166.189 4.51 4.07 4.35
1788907168.191 4.31 4.04 4.34
1788907170.201 4.31 4.04 4.34
1788907172.202 4.12 4.00 4.32
1788907174.212 4.12 4.00 4.32
1788907176.212 4.12 4.00 4.32
1788907178.222 3.95 3.97 4.31
1788907180.232 3.95 3.97 4.31
1788907182.233 3.72 3.92 4.29
1788907184.233 3.72 3.92 4.29
1788907186.240 3.72 3.92 4.29
1788907188.246 3.58 3.89 4.27
1788907190.256 3.58 3.89 4.27
1788907192.256 3.37 3.84 4.25
1788907194.256 3.37 3.84 4.25
1788907196.257 3.37 3.84 4.25
1788907198.257 3.66 3.89 4.27
1788907200.261 3.66 3.89 4.27
1788907202.264 3.69 3.89 4.27
1788907204.264 3.69 3.89 4.27
1788907206.264 3.69 3.89 4.27
1788907208.265 3.55 3.86 4.25
1788907210.266 3.55 3.86 4.25
1788907212.276 3.43 3.83 4.24
1788907214.284 3.43 3.83 4.24
1788907216.291 3.43 3.83 4.24
1788907218.291 3.39 3.81 4.23
1788907220.291 3.39 3.81 4.23
1788907222.300 3.36 3.80 4.23
1788907224.300 3.36 3.80 4.23
1788907226.300 3.36 3.80 4.23
1788907228.301 3.25 3.77 4.21
1788907230.301 3.25 3.77 4.21
1788907232.301 3.15 3.74 4.20
1788907234.301 3.15 3.74 4.20
1788907236.311 3.15 3.74 4.20
1788907238.321 2.98 3.69 4.18
1788907240.331 2.98 3.69 4.18
1788907242.332 2.90 3.67 4.17
1788907244.337 2.90 3.67 4.17
1788907246.342 2.90 3.67 4.17
1788907248.345 2.99 3.67 4.17
1788907250.345 2.99 3.67 4.17
1788907252.345 2.91 3.64 4.15
1788907254.346 2.91 3.64 4.15
1788907256.350 2.91 3.64 4.15
1788907258.352 3.08 3.67 4.16
1788907260.352 3.08 3.67 4.16
1788907262.352 2.99 3.64 4.15
1788907264.353 2.99 3.64 4.15
1788907266.354 2.99 3.64 4.15
1788907268.355 2.91 3.61 4.13
1788907270.355 2.91 3.61 4.13
1788907272.365 2.84 3.58 4.12
1788907274.365 2.84 3.58 4.12
1788907276.365 2.84 3.58 4.12
1788907278.365 2.77 3.56 4.11
1788907280.376 2.77 3.56 4.11
1788907282.376 3.51 3.70 4.15
1788907284.377 3.51 3.70 4.15
1788907286.377 3.51 3.70 4.15
1788907288.378 3.31 3.65 4.14
1788907290.378 3.31 3.65 4.14
1788907292.378 4.00 3.79 4.18
1788907294.378 4.00 3.79 4.18
1788907296.379 4.00 3.79 4.18
1788907298.379 4.00 3.79 4.18
1788907300.385 4.00 3.79 4.18
1788907302.388 4.00 3.80 4.18
1788907304.388 4.00 3.80 4.18
1788907306.388 4.00 3.80 4.18
1788907308.388 3.92 3.78 4.17
1788907310.388 3.92 3.78 4.17
1788907312.390 3.77 3.75 4.16
1788907314.397 3.77 3.75 4.16
1788907316.397 3.77 3.75 4.16
1788907318.401 3.71 3.74 4.15
1788907320.401 3.71 3.74 4.15
1788907322.401 3.57 3.71 4.14
1788907324.402 3.57 3.71 4.14
1788907326.402 3.57 3.71 4.14
1788907328.406 3.44 3.68 4.13
1788907330.415 3.44 3.68 4.13
1788907332.425 3.33 3.65 4.11
1788907334.425 3.33 3.65 4.11
1788907336.425 3.33 3.65 4.11
1788907338.429 3.14 3.61 4.09
1788907340.431 3.14 3.61 4.09
1788907342.436 3.37 3.65 4.10
1788907344.446 3.37 3.65 4.10
1788907346.451 3.37 3.65 4.10
1788907348.453 3.34 3.64 4.10
1788907350.454 3.34 3.64 4.10
1788907352.456 3.23 3.61 4.09
1788907354.456 3.23 3.61 4.09
1788907356.456 3.23 3.61 4.09
1788907358.458 3.21 3.60 4.08
1788907360.465 3.21 3.60 4.08
1788907362.467 3.28 3.61 4.08
1788907364.469 3.28 3.61 4.08
1788907366.477 3.28 3.61 4.08
1788907368.477 3.81 3.71 4.11
1788907370.477 3.81 3.71 4.11
1788907372.477 3.75 3.70 4.11
1788907374.478 3.75 3.70 4.11
1788907376.488 3.75 3.70 4.11
1788907378.490 3.93 3.74 4.12
1788907380.491 3.93 3.74 4.12
1788907382.492 3.93 3.74 4.12
1788907384.492 3.93 3.74 4.12
1788907386.493 3.93 3.74 4.12
1788907388.493 3.70 3.70 4.10
1788907390.498 3.70 3.70 4.10
1788907392.508 3.56 3.67 4.08
1788907394.514 3.56 3.67 4.08
1788907396.514 3.56 3.67 4.08
1788907398.524 3.36 3.62 4.07
1788907400.524 3.36 3.62 4.07
1788907402.525 3.25 3.60 4.05
1788907404.528 3.25 3.60 4.05
1788907406.529 3.07 3.55 4.04
1788907408.529 3.07 3.55 4.04
1788907410.529 3.07 3.55 4.04
1788907412.529 3.06 3.54 4.03
1788907414.529 3.06 3.54 4.03
1788907416.533 3.14 3.55 4.03
1788907418.535 3.14 3.55 4.03
1788907420.535 3.14 3.55 4.03
1788907422.536 3.05 3.53 4.02
1788907424.546 3.05 3.53 4.02
1788907426.556 2.96 3.50 4.00
1788907428.556 2.96 3.50 4.00
1788907430.558 2.96 3.50 4.00
1788907432.568 2.88 3.48 3.99
1788907434.578 2.88 3.48 3.99
1788907436.588 2.81 3.45 3.98
1788907438.589 2.81 3.45 3.98
1788907440.589 2.81 3.45 3.98
1788907442.590 2.75 3.43 3.97
1788907444.600 2.75 3.43 3.97
1788907446.601 2.69 3.40 3.96
1788907448.601 2.69 3.40 3.96
1788907450.603 2.69 3.40 3.96
1788907452.605 2.87 3.43 3.96
1788907454.606 2.87 3.43 3.96
1788907456.606 2.80 3.40 3.95
1788907458.612 2.80 3.40 3.95
1788907460.616 2.80 3.40 3.95
1788907462.626 2.66 3.36 3.93
1788907464.628 2.66 3.36 3.93
1788907466.638 2.61 3.34 3.92
1788907468.644 2.61 3.34 3.92
1788907470.647 2.61 3.34 3.92
1788907472.648 2.56 3.32 3.91
1788907474.650 2.56 3.32 3.91
1788907476.653 2.51 3.30 3.90
1788907478.654 2.51 3.30 3.90
1788907480.656 2.51 3.30 3.90
1788907482.660 2.47 3.27 3.89
1788907484.664 2.47 3.27 3.89
1788907486.667 2.51 3.27 3.88
1788907488.670 2.51 3.27 3.88
1788907490.671 2.51 3.27 3.88
1788907492.672 2.47 3.25 3.87
1788907494.672 2.47 3.25 3.87
1788907496.674 2.35 3.21 3.85
1788907498.680 2.35 3.21 3.85
1788907500.680 2.35 3.21 3.85
1788907502.685 2.89 3.31 3.88
1788907504.686 2.89 3.31 3.88
1788907506.687 3.45 3.42 3.92
1788907508.689 3.45 3.42 3.92
1788907510.693 3.45 3.42 3.92
1788907512.693 3.26 3.38 3.90
1788907514.695 3.26 3.38 3.90
1788907516.695 3.08 3.34 3.88
1788907518.698 3.08 3.34 3.88
1788907520.699 3.08 3.34 3.88
1788907522.700 2.91 3.30 3.87
1788907524.700 2.91 3.30 3.87
1788907526.710 2.76 3.26 3.85
1788907528.710 2.76 3.26 3.85
1788907530.712 2.76 3.26 3.85
1788907532.717 2.78 3.26 3.85
1788907534.717 2.78 3.26 3.85
1788907536.727 2.87 3.27 3.85
1788907538.728 2.87 3.27 3.85
1788907540.729 2.87 3.27 3.85
1788907542.730 3.68 3.43 3.90
1788907544.732 3.68 3.43 3.90
1788907546.733 3.55 3.40 3.89
1788907548.733 3.55 3.40 3.89
1788907550.733 3.55 3.40 3.89
1788907552.735 3.42 3.38 3.88
1788907554.741 3.42 3.38 3.88
1788907556.743 3.31 3.36 3.87
1788907558.743 3.31 3.36 3.87
1788907560.743 3.31 3.36 3.87
1788907562.743 4.01 3.50 3.91
1788907564.744 4.01 3.50 3.91
1788907566.749 4.73 3.66 3.97
1788907568.749 4.73 3.66 3.97
1788907570.750 4.73 3.66 3.97
1788907572.750 5.31 3.80 4.01
1788907574.750 5.31 3.80 4.01
1788907576.753 5.12 3.78 4.01
1788907578.753 5.12 3.78 4.01
1788907580.755 5.12 3.78 4.01
1788907582.763 4.87 3.75 3.99
1788907584.773 4.87 3.75 3.99
1788907586.773 4.64 3.72 3.98
1788907588.782 4.64 3.72 3.98
1788907590.784 4.64 3.72 3.98
1788907592.789 4.83 3.78 4.00
1788907594.789 4.83 3.78 4.00
1788907596.794 4.60 3.75 3.99
1788907598.794 4.60 3.75 3.99
1788907600.796 4.60 3.75 3.99
1788907602.806 4.40 3.72 3.98
1788907604.807 4.40 3.72 3.98
1788907606.807 4.20 3.69 3.96
1788907608.810 4.20 3.69 3.96
1788907610.812 4.20 3.69 3.96
1788907612.812 4.03 3.66 3.95
1788907614.813 4.03 3.66 3.95
1788907616.815 3.94 3.65 3.95
1788907618.819 3.94 3.65 3.95
1788907620.829 3.94 3.65 3.95
1788907622.829 3.95 3.66 3.95
1788907624.831 3.95 3.66 3.95
1788907626.831 3.71 3.61 3.93
1788907628.842 3.71 3.61 3.93
1788907630.844 3.71 3.61 3.93
1788907632.845 3.65 3.60 3.92
1788907634.847 3.65 3.60 3.92
1788907636.849 3.52 3.57 3.91
1788907638.860 3.52 3.57 3.91
1788907640.863 3.52 3.57 3.91
1788907642.863 3.40 3.55 3.90
1788907644.863 3.40 3.55 3.90
1788907646.864 3.21 3.51 3.88
1788907648.874 3.21 3.51 3.88
1788907650.874 3.21 3.51 3.88
1788907652.874 3.03 3.46 3.87
1788907654.875 3.03 3.46 3.87
1788907656.878 2.95 3.44 3.86
1788907658.888 2.95 3.44 3.86
1788907660.896 2.95 3.44 3.86
1788907662.910 3.19 3.48 3.87
1788907664.911 3.19 3.48 3.87
1788907666.927 3.42 3.52 3.88
1788907668.931 3.42 3.52 3.88
1788907670.941 3.42 3.52 3.88
1788907672.952 4.26 3.70 3.94
1788907674.953 4.26 3.70 3.94
1788907676.963 4.08 3.67 3.93
1788907678.973 4.08 3.67 3.93
1788907680.974 4.08 3.67 3.93
1788907682.975 4.80 3.82 3.98
1788907684.975 4.80 3.82 3.98
1788907686.975 4.57 3.79 3.97
1788907688.978 4.57 3.79 3.97
1788907690.986 4.57 3.79 3.97
1788907692.987 5.25 3.95 4.02
1788907694.987 5.25 3.95 4.02
1788907696.987 5.47 4.01 4.04
1788907698.987 5.47 4.01 4.04
1788907700.989 5.47 4.01 4.04
1788907702.991 5.19 3.98 4.03
1788907705.001 5.19 3.98 4.03
1788907707.004 5.33 4.03 4.05
1788907709.004 5.33 4.03 4.05
1788907711.013 5.33 4.03 4.05
1788907713.015 5.15 4.01 4.04
1788907715.025 5.15 4.01 4.04
1788907717.034 4.89 3.98 4.03
1788907719.034 4.89 3.98 4.03
1788907721.034 4.89 3.98 4.03
1788907723.035 4.66 3.94 4.02
1788907725.035 4.66 3.94 4.02
1788907727.046 5.41 4.11 4.08
1788907729.056 5.41 4.11 4.08
1788907731.056 5.41 4.11 4.08
1788907733.056 5.30 4.11 4.08
1788907735.066 5.30 4.11 4.08
1788907737.076 5.27 4.12 4.08
1788907739.078 5.27 4.12 4.08
1788907741.079 5.27 4.12 4.08
1788907743.079 5.89 4.27 4.13
1788907745.079 5.89 4.27 4.13
1788907747.087 5.58 4.23 4.12
1788907749.088 5.58 4.23 4.12
1788907751.098 5.58 4.23 4.12
1788907753.108 5.29 4.20 4.11
1788907755.108 5.29 4.20 4.11
1788907757.111 5.67 4.29 4.14
1788907759.111 5.67 4.29 4.14
1788907761.116 5.67 4.29 4.14
1788907763.121 5.38 4.25 4.13
1788907765.121 5.38 4.25 4.13
1788907767.121 5.51 4.30 4.15
1788907769.121 5.51 4.30 4.15
1788907771.131 5.51 4.30 4.15
1788907773.132 5.46 4.31 4.15
1788907775.133 5.46 4.31 4.15
1788907777.143 6.07 4.45 4.20
1788907779.143 6.07 4.45 4.20
1788907781.154 6.07 4.45 4.20
1788907783.157 6.70 4.61 4.26
1788907785.160 6.70 4.61 4.26
1788907787.161 7.21 4.75 4.31
1788907789.161 7.21 4.75 4.31
1788907791.162 7.21 4.75 4.31
1788907793.162 6.95 4.74 4.31
1788907795.166 6.95 4.74 4.31
1788907797.168 7.43 4.88 4.36
1788907799.168 7.43 4.88 4.36
1788907801.169 7.43 4.88 4.36
1788907803.172 7.00 4.83 4.35
1788907805.173 7.00 4.83 4.35
1788907807.173 7.64 5.00 4.41
1788907809.173 7.64 5.00 4.41
1788907811.176 7.64 5.00 4.41
1788907813.178 7.11 4.93 4.39
1788907815.180 7.11 4.93 4.39
1788907817.187 6.78 4.90 4.38
1788907819.188 6.78 4.90 4.38
1788907821.198 6.78 4.90 4.38
1788907823.198 6.40 4.85 4.36
1788907825.198 6.40 4.85 4.36
1788907827.206 6.20 4.84 4.36
1788907829.207 6.20 4.84 4.36
1788907831.219 6.20 4.84 4.36
1788907833.219 5.95 4.80 4.35
1788907835.220 5.95 4.80 4.35
1788907837.230 5.63 4.76 4.34
1788907839.230 5.63 4.76 4.34
1788907841.238 5.63 4.76 4.34
1788907843.240 5.50 4.75 4.34
1788907845.250 5.50 4.75 4.34
1788907847.260 5.30 4.72 4.33
1788907849.273 5.30 4.72 4.33
1788907851.280 5.30 4.72 4.33
1788907853.286 5.03 4.67 4.32
1788907855.293 5.03 4.67 4.32
1788907857.301 4.79 4.63 4.30
1788907859.310 4.79 4.63 4.30
1788907861.315 4.79 4.63 4.30
1788907863.316 4.57 4.58 4.29
1788907865.325 4.57 4.58 4.29
1788907867.326 4.36 4.54 4.27
1788907869.336 4.36 4.54 4.27
1788907871.346 4.36 4.54 4.27
1788907873.349 4.17 4.50 4.26
1788907875.352 4.17 4.50 4.26
1788907877.353 4.96 4.65 4.32
1788907879.354 4.96 4.65 4.32
1788907881.354 4.96 4.65 4.32
1788907883.355 4.72 4.61 4.30
1788907885.365 4.72 4.61 4.30
1788907887.370 4.50 4.57 4.29
1788907889.380 4.50 4.57 4.29
1788907891.381 4.50 4.57 4.29
1788907893.384 5.18 4.71 4.34
1788907895.393 5.18 4.71 4.34
1788907897.403 5.89 4.86 4.40
1788907899.403 5.89 4.86 4.40
1788907901.409 5.89 4.86 4.40
1788907903.417 5.74 4.85 4.39
1788907905.418 5.74 4.85 4.39
1788907907.425 6.16 4.95 4.43
1788907909.427 6.16 4.95 4.43
1788907911.434 6.16 4.95 4.43
1788907913.434 5.91 4.91 4.42
1788907915.442 5.91 4.91 4.42
1788907917.443 6.55 5.06 4.48
1788907919.443 6.55 5.06 4.48
1788907921.446 6.55 5.06 4.48
1788907923.456 7.07 5.20 4.53
1788907925.466 7.07 5.20 4.53
1788907927.479 6.66 5.14 4.51
1788907929.484 6.66 5.14 4.51
1788907931.484 6.66 5.14 4.51
1788907933.499 7.25 5.29 4.57
1788907935.499 7.25 5.29 4.57
1788907937.509 6.99 5.27 4.57
1788907939.509 6.99 5.27 4.57
1788907941.509 6.99 5.27 4.57
1788907943.512 6.67 5.23 4.56
1788907945.512 6.67 5.23 4.56
1788907947.522 7.10 5.34 4.60
1788907949.522 7.10 5.34 4.60
1788907951.526 7.10 5.34 4.60
1788907953.536 6.69 5.29 4.58
1788907955.546 6.69 5.29 4.58
1788907957.546 6.31 5.23 4.57
1788907959.546 6.31 5.23 4.57
1788907961.556 6.31 5.23 4.57
1788907963.561 5.97 5.18 4.55
1788907965.571 5.97 5.18 4.55
1788907967.573 5.65 5.13 4.54
1788907969.574 5.65 5.13 4.54
1788907971.584 5.65 5.13 4.54
1788907973.586 5.36 5.07 4.52
1788907975.597 5.36 5.07 4.52
1788907977.597 5.01 5.01 4.50
1788907979.612 5.01 5.01 4.50
1788907981.621 5.01 5.01 4.50
1788907983.631 5.65 5.14 4.55
1788907985.631 5.65 5.14 4.55
1788907987.641 5.36 5.09 4.54
1788907989.651 5.36 5.09 4.54
1788907991.651 5.36 5.09 4.54
1788907993.656 5.01 5.02 4.52
1788907995.666 5.01 5.02 4.52
1788907997.667 4.77 4.97 4.50
1788907999.667 4.77 4.97 4.50
1788908001.677 4.77 4.97 4.50
1788908003.678 4.54 4.92 4.49
1788908005.686 4.54 4.92 4.49
1788908007.686 5.54 5.12 4.56
1788908009.688 5.54 5.12 4.56
1788908011.694 5.54 5.12 4.56
1788908013.694 5.34 5.08 4.55
1788908015.695 5.34 5.08 4.55
1788908017.696 7.71 5.58 4.73
1788908019.696 7.71 5.58 4.73
1788908021.698 7.71 5.58 4.73
1788908023.700 8.38 5.75 4.79
1788908025.728 8.38 5.75 4.79
1788908027.738 7.94 5.71 4.78
1788908029.738 7.94 5.71 4.78
1788908031.738 7.94 5.71 4.78
1788908033.747 12.51 6.69 5.14
1788908035.753 12.51 6.69 5.14
1788908037.754 13.59 7.01 5.26
1788908039.764 13.59 7.01 5.26
1788908041.774 13.59 7.01 5.26
1788908043.774 12.66 6.93 5.24
1788908045.775 12.66 6.93 5.24
1788908047.775 15.09 7.53 5.46
1788908049.786 15.09 7.53 5.46
1788908051.793 15.09 7.53 5.46
1788908053.797 13.88 7.40 5.43
1788908055.800 13.88 7.40 5.43
1788908057.810 12.85 7.29 5.40
1788908059.813 12.85 7.29 5.40
1788908061.814 12.85 7.29 5.40
1788908063.819 11.90 7.19 5.38
1788908065.823 11.90 7.19 5.38
1788908067.828 10.95 7.07 5.34
1788908069.838 10.95 7.07 5.34
1788908071.849 10.95 7.07 5.34
1788908073.859 10.23 6.99 5.32
1788908075.862 10.23 6.99 5.32
1788908077.873 9.49 6.89 5.30
1788908079.876 9.49 6.89 5.30
1788908081.878 9.49 6.89 5.30
1788908083.888 8.81 6.79 5.27
1788908085.890 8.81 6.79 5.27
1788908087.900 8.19 6.69 5.25
1788908089.910 8.19 6.69 5.25
1788908091.920 8.19 6.69 5.25
1788908093.931 7.53 6.58 5.22
1788908095.940 7.53 6.58 5.22
1788908097.944 7.09 6.50 5.20
1788908099.954 7.09 6.50 5.20
1788908101.955 7.09 6.50 5.20
1788908103.960 6.60 6.41 5.17
1788908105.965 6.60 6.41 5.17
1788908107.967 6.15 6.32 5.15
1788908109.975 6.15 6.32 5.15
1788908111.984 6.15 6.32 5.15
1788908113.994 5.74 6.23 5.12
1788908116.000 5.74 6.23 5.12
1788908118.004 5.36 6.15 5.10
1788908120.014 5.36 6.15 5.10
1788908122.024 5.36 6.15 5.10
1788908124.024 5.01 6.06 5.07
1788908126.034 5.01 6.06 5.07
1788908128.045 4.69 5.98 5.05
1788908130.046 4.69 5.98 5.05
1788908132.056 4.69 5.98 5.05
1788908134.060 4.39 5.89 5.03
1788908136.068 4.39 5.89 5.03
1788908138.069 4.12 5.81 5.00
1788908140.069 4.12 5.81 5.00
1788908142.080 4.12 5.81 5.00
1788908144.083 3.87 5.73 4.98
1788908146.083 3.87 5.73 4.98
1788908148.084 3.64 5.65 4.96
1788908150.094 3.64 5.65 4.96
1788908152.095 3.64 5.65 4.96
1788908154.105 3.43 5.58 4.93
1788908156.106 3.43 5.58 4.93
1788908158.116 3.23 5.50 4.91
1788908160.120 3.23 5.50 4.91
1788908162.129 3.23 5.50 4.91
1788908164.137 3.06 5.42 4.89
1788908166.137 3.06 5.42 4.89
1788908168.147 2.97 5.37 4.87
1788908170.148 2.97 5.37 4.87
1788908172.148 2.97 5.37 4.87
1788908174.159 2.73 5.28 4.84
1788908176.169 2.73 5.28 4.84
1788908178.179 2.67 5.22 4.82
1788908180.183 2.67 5.22 4.82
1788908182.184 2.67 5.22 4.82
1788908184.189 2.46 5.14 4.79
1788908186.200 2.46 5.14 4.79
1788908188.203 2.34 5.07 4.77
1788908190.208 2.34 5.07 4.77
1788908192.217 2.34 5.07 4.77
1788908194.221 2.31 5.02 4.75
1788908196.222 2.31 5.02 4.75
1788908198.222 2.37 4.98 4.74
1788908200.222 2.37 4.98 4.74
1788908202.223 2.37 4.98 4.74
1788908204.223 2.50 4.97 4.74
1788908206.225 2.50 4.97 4.74
1788908208.225 2.38 4.90 4.72
1788908210.226 2.38 4.90 4.72
1788908212.232 2.38 4.90 4.72
1788908214.233 2.35 4.85 4.70
1788908216.234 2.35 4.85 4.70
1788908218.235 2.32 4.80 4.69
1788908220.237 2.32 4.80 4.69
1788908222.239 2.32 4.80 4.69
1788908224.240 2.29 4.76 4.67
1788908226.244 2.29 4.76 4.67
1788908228.248 2.27 4.71 4.65
1788908230.249 2.27 4.71 4.65
1788908232.255 2.27 4.71 4.65
1788908234.256 2.81 4.78 4.68
1788908236.256 2.81 4.78 4.68
1788908238.256 2.74 4.74 4.66
1788908240.257 2.74 4.74 4.66
1788908242.257 2.74 4.74 4.66
1788908244.260 2.68 4.69 4.65
1788908246.260 2.68 4.69 4.65
1788908248.262 2.79 4.68 4.64
1788908250.262 2.79 4.68 4.64
1788908252.263 2.79 4.68 4.64
1788908254.263 2.65 4.62 4.62
1788908256.264 2.65 4.62 4.62
1788908258.265 2.59 4.57 4.61
1788908260.266 2.59 4.57 4.61
1788908262.269 2.59 4.57 4.61
1788908264.270 2.55 4.53 4.59
1788908266.270 2.55 4.53 4.59
1788908268.280 2.50 4.49 4.57
1788908270.281 2.50 4.49 4.57
1788908272.285 2.46 4.45 4.56
1788908274.286 2.46 4.45 4.56
1788908276.286 2.46 4.45 4.56
1788908278.291 2.50 4.42 4.55
1788908280.291 2.50 4.42 4.55
1788908282.301 2.54 4.40 4.54
1788908284.302 2.54 4.40 4.54
1788908286.312 2.54 4.40 4.54
1788908288.312 2.42 4.34 4.52
1788908290.312 2.42 4.34 4.52
1788908292.312 2.39 4.30 4.50
1788908294.314 2.39 4.30 4.50
1788908296.314 2.39 4.30 4.50
1788908298.314 2.27 4.25 4.48
1788908300.315 2.27 4.25 4.48
1788908302.316 2.57 4.28 4.49
1788908304.317 2.57 4.28 4.49
1788908306.317 2.57 4.28 4.49
1788908308.318 2.45 4.22 4.47
1788908310.328 2.45 4.22 4.47
1788908312.328 2.49 4.20 4.46
1788908314.338 2.49 4.20 4.46
1788908316.338 2.49 4.20 4.46
1788908318.348 2.45 4.16 4.45
1788908320.351 2.45 4.16 4.45
1788908322.357 2.42 4.13 4.43
1788908324.359 2.42 4.13 4.43
1788908326.363 2.42 4.13 4.43
1788908328.365 2.78 4.18 4.45
1788908330.369 2.78 4.18 4.45
1788908332.370 2.64 4.12 4.43
1788908334.380 2.64 4.12 4.43
1788908336.380 2.64 4.12 4.43
1788908338.382 2.59 4.09 4.41
1788908340.383 2.59 4.09 4.41
1788908342.387 2.54 4.05 4.40
1788908344.388 2.54 4.05 4.40
1788908346.388 2.54 4.05 4.40
1788908348.391 2.50 4.02 4.39
1788908350.392 2.50 4.02 4.39
1788908352.392 2.54 4.00 4.38
1788908354.396 2.54 4.00 4.38
1788908356.397 2.54 4.00 4.38
1788908358.397 2.41 3.95 4.36
1788908360.404 2.41 3.95 4.36
1788908362.404 2.38 3.92 4.34
1788908364.407 2.38 3.92 4.34
1788908366.407 2.38 3.92 4.34
1788908368.417 2.59 3.94 4.35
1788908370.418 2.59 3.94 4.35
1788908372.422 3.02 4.00 4.37
1788908374.422 3.02 4.00 4.37
1788908376.422 3.02 4.00 4.37
1788908378.423 2.94 3.97 4.35
1788908380.433 2.94 3.97 4.35
1788908382.433 3.02 3.97 4.35
1788908384.433 3.02 3.97 4.35
1788908386.433 3.02 3.97 4.35
1788908388.434 2.94 3.94 4.34
1788908390.434 2.94 3.94 4.34
1788908392.436 2.87 3.91 4.32
1788908394.439 2.87 3.91 4.32
1788908396.440 2.87 3.91 4.32
1788908398.440 2.80 3.87 4.31
1788908400.441 2.80 3.87 4.31
1788908402.441 2.65 3.83 4.29
1788908404.442 2.65 3.83 4.29
1788908406.452 2.65 3.83 4.29
1788908408.455 2.60 3.79 4.28
1788908410.465 2.60 3.79 4.28
1788908412.465 2.55 3.76 4.26
1788908414.475 2.55 3.76 4.26
1788908416.482 2.55 3.76 4.26
1788908418.482 2.51 3.74 4.25
1788908420.488 2.51 3.74 4.25
1788908422.490 2.71 3.76 4.25
1788908424.497 2.71 3.76 4.25
1788908426.503 2.71 3.76 4.25
1788908428.512 2.65 3.73 4.24
1788908430.513 2.65 3.73 4.24
1788908432.513 2.52 3.68 4.22
1788908434.513 2.52 3.68 4.22
1788908436.513 2.52 3.68 4.22
1788908438.514 2.80 3.72 4.23
1788908440.514 2.80 3.72 4.23
1788908442.514 2.73 3.69 4.22
1788908444.514 2.73 3.69 4.22
1788908446.517 2.73 3.69 4.22
1788908448.518 2.59 3.65 4.20
1788908450.518 2.59 3.65 4.20
1788908452.518 2.63 3.63 4.19
1788908454.518 2.63 3.63 4.19
1788908456.519 2.63 3.63 4.19
1788908458.522 2.58 3.61 4.18
1788908460.531 2.58 3.61 4.18
1788908462.532 2.53 3.58 4.16
1788908464.532 2.53 3.58 4.16
1788908466.532 2.53 3.58 4.16
1788908468.542 2.49 3.55 4.15
1788908470.542 2.49 3.55 4.15
1788908472.543 2.45 3.53 4.14
1788908474.545 2.45 3.53 4.14
1788908476.545 2.45 3.53 4.14
1788908478.545 2.89 3.60 4.16
1788908480.545 2.89 3.60 4.16
1788908482.548 2.98 3.61 4.16
1788908484.548 2.98 3.61 4.16
1788908486.549 2.98 3.61 4.16
1788908488.553 2.90 3.58 4.15
1788908490.553 2.90 3.58 4.15
1788908492.560 2.83 3.56 4.13
1788908494.560 2.83 3.56 4.13
1788908496.560 2.83 3.56 4.13
1788908498.570 2.76 3.53 4.12
1788908500.580 2.76 3.53 4.12
1788908502.581 2.70 3.50 4.11
1788908504.581 2.70 3.50 4.11
1788908506.581 2.70 3.50 4.11
1788908508.583 2.56 3.46 4.09
1788908510.583 2.56 3.46 4.09
1788908512.586 2.60 3.45 4.08
1788908514.586 2.60 3.45 4.08
1788908516.586 2.60 3.45 4.08
1788908518.587 2.55 3.43 4.07
1788908520.597 2.55 3.43 4.07
1788908522.598 2.43 3.39 4.05
1788908524.598 2.43 3.39 4.05
1788908526.602 2.43 3.39 4.05
1788908528.602 2.31 3.35 4.04
1788908530.603 2.31 3.35 4.04
1788908532.613 2.21 3.31 4.02
1788908534.613 2.21 3.31 4.02
1788908536.614 2.21 3.31 4.02
1788908538.617 2.11 3.27 4.00
1788908540.617 2.11 3.27 4.00
1788908542.619 2.18 3.27 3.99
1788908544.623 2.18 3.27 3.99
1788908546.629 2.18 3.27 3.99
1788908548.636 2.17 3.25 3.98
1788908550.636 2.17 3.25 3.98
1788908552.644 2.31 3.26 3.98
1788908554.649 2.31 3.26 3.98
1788908556.657 2.31 3.26 3.98
1788908558.663 2.93 3.37 4.02
1788908560.663 2.93 3.37 4.02
1788908562.665 2.85 3.35 4.00
1788908564.665 2.85 3.35 4.00
1788908566.667 2.85 3.35 4.00
1788908568.671 2.79 3.32 3.99
1788908570.672 2.79 3.32 3.99
1788908572.672 3.68 3.50 4.05
1788908574.674 3.68 3.50 4.05
1788908576.678 3.68 3.50 4.05
1788908578.678 3.55 3.48 4.04
1788908580.679 3.55 3.48 4.04
1788908582.679 3.42 3.45 4.03
1788908584.679 3.42 3.45 4.03
1788908586.679 3.42 3.45 4.03
1788908588.680 3.39 3.44 4.02
1788908590.682 3.39 3.44 4.02
1788908592.685 3.28 3.42 4.01
1788908594.685 3.28 3.42 4.01
1788908596.687 3.28 3.42 4.01
1788908598.687 3.58 3.48 4.02
1788908600.693 3.58 3.48 4.02
1788908602.693 3.45 3.45 4.01
1788908604.695 3.45 3.45 4.01
1788908606.696 3.45 3.45 4.01
1788908608.697 3.33 3.43 4.00
1788908610.698 3.33 3.43 4.00
1788908612.698 3.15 3.39 3.98
1788908614.699 3.15 3.39 3.98
1788908616.699 3.15 3.39 3.98
1788908618.704 3.05 3.36 3.97
1788908620.704 3.05 3.36 3.97
1788908622.705 2.97 3.34 3.96
1788908624.715 2.97 3.34 3.96
1788908626.724 2.97 3.34 3.96
1788908628.724 2.81 3.30 3.94
1788908630.726 2.81 3.30 3.94
1788908632.726 3.39 3.41 3.98
1788908634.726 3.39 3.41 3.98
1788908636.727 3.39 3.41 3.98
1788908638.729 3.36 3.41 3.97
1788908640.729 3.36 3.41 3.97
1788908642.730 3.33 3.40 3.96
1788908644.736 3.33 3.40 3.96
1788908646.738 3.33 3.40 3.96
1788908648.738 3.14 3.36 3.95
1788908650.738 3.14 3.36 3.95
1788908652.747 3.05 3.34 3.94
1788908654.750 3.05 3.34 3.94
1788908656.750 3.05 3.34 3.94
1788908658.753 3.28 3.38 3.95
1788908660.756 3.28 3.38 3.95
1788908662.766 3.26 3.37 3.94
1788908664.770 3.26 3.37 3.94
1788908666.770 3.26 3.37 3.94
1788908668.771 3.16 3.35 3.93
1788908670.773 3.16 3.35 3.93
1788908672.773 3.15 3.34 3.92
1788908674.774 3.15 3.34 3.92
1788908676.774 3.15 3.34 3.92
1788908678.784 3.06 3.32 3.91
1788908680.794 3.06 3.32 3.91
1788908682.801 3.21 3.35 3.92
1788908684.811 3.21 3.35 3.92
1788908686.812 3.21 3.35 3.92
1788908688.812 3.11 3.33 3.91
1788908690.813 3.11 3.33 3.91
1788908692.813 3.02 3.30 3.90
1788908694.822 3.02 3.30 3.90
1788908696.822 3.02 3.30 3.90
1788908698.822 2.94 3.28 3.88
1788908700.822 2.94 3.28 3.88
1788908702.832 2.87 3.26 3.87
1788908704.843 2.87 3.26 3.87
1788908706.849 2.87 3.26 3.87
1788908708.849 2.80 3.24 3.86
1788908710.849 2.80 3.24 3.86
1788908712.854 3.37 3.35 3.90
1788908714.864 3.37 3.35 3.90
1788908716.866 3.37 3.35 3.90
1788908718.870 3.26 3.33 3.89
1788908720.876 3.26 3.33 3.89
1788908722.886 3.16 3.31 3.88
1788908724.896 3.16 3.31 3.88
1788908726.906 3.16 3.31 3.88
1788908728.906 3.23 3.32 3.88
1788908730.911 3.23 3.32 3.88
1788908732.914 3.13 3.30 3.86
1788908734.914 3.13 3.30 3.86
1788908736.918 3.13 3.30 3.86
1788908738.918 3.28 3.32 3.87
1788908740.918 3.28 3.32 3.87
1788908742.925 3.26 3.32 3.87
1788908744.926 3.26 3.32 3.87
1788908746.926 3.26 3.32 3.87
1788908748.930 3.16 3.30 3.85
1788908750.930 3.16 3.30 3.85
1788908752.933 3.30 3.32 3.86
1788908754.934 3.30 3.32 3.86
1788908756.938 3.30 3.32 3.86
1788908758.939 3.20 3.30 3.85
1788908760.939 3.20 3.30 3.85
1788908762.940 3.18 3.30 3.84
1788908764.947 3.18 3.30 3.84
1788908766.957 3.18 3.30 3.84
1788908768.957 3.17 3.29 3.84
1788908770.962 3.17 3.29 3.84
1788908772.962 3.07 3.27 3.83
1788908774.972 3.07 3.27 3.83
1788908776.973 3.07 3.27 3.83
1788908778.973 2.91 3.23 3.81
1788908780.974 2.91 3.23 3.81
1788908782.974 3.72 3.39 3.86
1788908784.976 3.72 3.39 3.86
1788908786.977 3.72 3.39 3.86
1788908788.977 3.58 3.37 3.85
1788908790.977 3.58 3.37 3.85
1788908792.984 3.45 3.35 3.84
1788908794.986 3.45 3.35 3.84
1788908796.987 3.45 3.35 3.84
1788908798.987 3.33 3.32 3.83
1788908800.989 3.33 3.32 3.83
1788908802.990 3.31 3.32 3.83
1788908804.994 3.31 3.32 3.83
1788908806.994 3.31 3.32 3.83
1788908808.995 3.36 3.33 3.83
1788908810.997 3.36 3.33 3.83
1788908813.002 3.25 3.31 3.82
1788908815.005 3.25 3.31 3.82
1788908817.006 3.25 3.31 3.82
1788908819.008 3.15 3.29 3.81
1788908821.011 3.15 3.29 3.81
1788908823.011 3.06 3.26 3.79
1788908825.012 3.06 3.26 3.79
1788908827.014 3.06 3.26 3.79
1788908829.015 2.98 3.24 3.78
1788908831.016 2.98 3.24 3.78
1788908833.018 2.98 3.24 3.78
1788908835.018 2.98 3.24 3.78
1788908837.021 2.98 3.24 3.78
1788908839.024 3.06 3.25 3.78
1788908841.034 3.06 3.25 3.78
1788908843.034 3.29 3.30 3.79
1788908845.036 3.29 3.30 3.79
1788908847.046 3.29 3.30 3.79
1788908849.056 3.19 3.27 3.78
1788908851.057 3.19 3.27 3.78
1788908853.061 4.06 3.45 3.84
1788908855.061 4.06 3.45 3.84
1788908857.061 4.06 3.45 3.84
1788908859.069 4.85 3.63 3.90
1788908861.071 4.85 3.63 3.90
1788908863.082 4.78 3.63 3.90
1788908865.087 4.78 3.63 3.90
1788908867.089 4.78 3.63 3.90
1788908869.091 4.56 3.61 3.89
1788908871.092 4.56 3.61 3.89
1788908873.093 5.00 3.71 3.93
1788908875.094 5.00 3.71 3.93
1788908877.102 5.00 3.71 3.93
1788908879.105 4.84 3.70 3.92
1788908881.112 4.84 3.70 3.92
1788908883.113 4.61 3.67 3.91
1788908885.123 4.61 3.67 3.91
1788908887.126 4.61 3.67 3.91
1788908889.126 4.40 3.64 3.90
1788908891.129 4.40 3.64 3.90
1788908893.132 4.21 3.62 3.89
1788908895.133 4.21 3.62 3.89
1788908897.135 4.21 3.62 3.89
1788908899.142 4.19 3.62 3.89
1788908901.143 4.19 3.62 3.89
1788908903.143 4.01 3.59 3.87
1788908905.145 4.01 3.59 3.87
1788908907.148 4.01 3.59 3.87
1788908909.151 3.85 3.57 3.86
1788908911.151 3.85 3.57 3.86
1788908913.161 3.70 3.54 3.85
1788908915.169 3.70 3.54 3.85
1788908917.170 3.70 3.54 3.85
1788908919.170 3.49 3.50 3.83
1788908921.171 3.49 3.50 3.83
1788908923.179 3.37 3.47 3.82
1788908925.179 3.37 3.47 3.82
1788908927.182 3.37 3.47 3.82
1788908929.183 3.26 3.45 3.81
1788908931.183 3.26 3.45 3.81
1788908933.193 3.16 3.42 3.80
1788908935.193 3.16 3.42 3.80
1788908937.194 3.16 3.42 3.80
1788908939.204 3.06 3.40 3.79
1788908941.204 3.06 3.40 3.79
1788908943.204 2.98 3.38 3.78
1788908945.205 2.98 3.38 3.78
1788908947.207 2.98 3.38 3.78
1788908949.207 2.90 3.35 3.77
1788908951.217 2.90 3.35 3.77
1788908953.227 2.99 3.36 3.77
1788908955.227 2.99 3.36 3.77
1788908957.236 2.99 3.36 3.77
1788908959.240 2.91 3.34 3.76
1788908961.241 2.91 3.34 3.76
1788908963.241 2.84 3.32 3.75
1788908965.241 2.84 3.32 3.75
1788908967.250 2.84 3.32 3.75
1788908969.250 2.85 3.31 3.75
1788908971.256 2.85 3.31 3.75
1788908973.256 2.78 3.29 3.73
1788908975.266 2.78 3.29 3.73
1788908977.266 2.78 3.29 3.73
1788908979.277 2.64 3.25 3.72
1788908981.278 2.64 3.25 3.72
1788908983.282 2.51 3.22 3.70
1788908985.284 2.51 3.22 3.70
1788908987.284 2.51 3.22 3.70
1788908989.284 2.47 3.20 3.69
1788908991.286 2.47 3.20 3.69
1788908993.290 2.43 3.18 3.68
1788908995.295 2.43 3.18 3.68
1788908997.296 2.43 3.18 3.68
1788908999.300 2.39 3.16 3.67
1788909001.301 2.39 3.16 3.67
1788909003.301 2.36 3.14 3.66
1788909005.304 2.36 3.14 3.66
1788909007.304 2.36 3.14 3.66
1788909009.311 2.33 3.12 3.65
1788909011.314 2.33 3.12 3.65
1788909013.315 2.31 3.10 3.64
1788909015.319 2.31 3.10 3.64
1788909017.321 2.31 3.10 3.64
1788909019.321 2.68 3.16 3.66
1788909021.321 2.68 3.16 3.66
1788909023.321 2.63 3.14 3.65
1788909025.321 2.63 3.14 3.65
1788909027.322 2.63 3.14 3.65
1788909029.326 2.58 3.12 3.64
1788909031.336 2.58 3.12 3.64
1788909033.337 2.53 3.11 3.63
1788909035.337 2.53 3.11 3.63
1788909037.340 2.53 3.11 3.63
1788909039.347 3.21 3.24 3.68
1788909041.358 3.21 3.24 3.68
1788909043.359 3.11 3.22 3.67
1788909045.360 3.11 3.22 3.67
1788909047.361 3.11 3.22 3.67
1788909049.361 3.18 3.23 3.67
1788909051.371 3.18 3.23 3.67
1788909053.371 3.09 3.21 3.66
1788909055.373 3.09 3.21 3.66
1788909057.376 3.09 3.21 3.66
1788909059.384 4.12 3.42 3.73
1788909061.394 4.12 3.42 3.73
1788909063.395 4.83 3.58 3.78
1788909065.396 4.83 3.58 3.78
1788909067.396 4.83 3.58 3.78
1788909069.406 4.68 3.57 3.78
1788909071.406 4.68 3.57 3.78
1788909073.406 4.71 3.59 3.79
1788909075.408 4.71 3.59 3.79
1788909077.409 4.71 3.59 3.79
1788909079.410 5.37 3.75 3.84
1788909081.419 5.37 3.75 3.84
1788909083.420 5.10 3.72 3.83
1788909085.430 5.10 3.72 3.83
1788909087.431 5.10 3.72 3.83
1788909089.441 4.85 3.69 3.82
1788909091.446 4.85 3.69 3.82
1788909093.456 4.62 3.66 3.81
1788909095.466 4.62 3.66 3.81
1788909097.468 4.62 3.66 3.81
1788909099.468 4.41 3.63 3.80
1788909101.478 4.41 3.63 3.80
1788909103.478 4.86 3.74 3.83
1788909105.480 4.86 3.74 3.83
1788909107.481 4.86 3.74 3.83
1788909109.482 4.55 3.69 3.81
1788909111.489 4.55 3.69 3.81
1788909113.496 4.43 3.68 3.81
1788909115.496 4.43 3.68 3.81
1788909117.499 4.43 3.68 3.81
1788909119.508 4.23 3.65 3.80
1788909121.512 4.23 3.65 3.80
1788909123.522 3.97 3.61 3.78
1788909125.533 3.97 3.61 3.78
1788909127.535 3.97 3.61 3.78
1788909129.546 3.74 3.56 3.77
1788909131.553 3.74 3.56 3.77
1788909133.563 3.60 3.54 3.76
1788909135.565 3.60 3.54 3.76
1788909137.568 3.60 3.54 3.76
1788909139.578 3.39 3.50 3.74
1788909141.588 3.39 3.50 3.74
1788909143.589 3.28 3.47 3.73
1788909145.599 3.28 3.47 3.73
1788909147.599 3.28 3.47 3.73
1788909149.600 3.57 3.53 3.75
1788909151.610 3.57 3.53 3.75
1788909153.610 3.45 3.50 3.74
1788909155.610 3.45 3.50 3.74
1788909157.610 3.45 3.50 3.74
1788909159.611 3.73 3.56 3.76
1788909161.611 3.73 3.56 3.76
1788909163.611 4.39 3.70 3.80
1788909165.619 4.39 3.70 3.80
1788909167.629 4.39 3.70 3.80
1788909169.635 5.00 3.84 3.85
1788909171.635 5.00 3.84 3.85
1788909173.641 4.76 3.81 3.84
1788909175.642 4.76 3.81 3.84
1788909177.652 4.76 3.81 3.84
1788909179.652 5.34 3.94 3.89
1788909181.660 5.34 3.94 3.89
1788909183.670 5.07 3.91 3.88
1788909185.680 5.07 3.91 3.88
1788909187.687 5.87 4.10 3.94
1788909189.697 5.87 4.10 3.94
1788909191.707 5.87 4.10 3.94
1788909193.707 5.56 4.06 3.93
1788909195.717 5.56 4.06 3.93
1788909197.727 5.27 4.03 3.92
1788909199.743 5.27 4.03 3.92
1788909201.753 5.27 4.03 3.92
1788909203.754 5.01 3.99 3.91
1788909205.754 5.01 3.99 3.91
1788909207.758 5.09 4.02 3.92
1788909209.768 5.09 4.02 3.92
1788909211.775 5.09 4.02 3.92
1788909213.775 4.76 3.97 3.90
1788909215.775 4.76 3.97 3.90
1788909217.785 4.46 3.92 3.88
1788909219.790 4.46 3.92 3.88
1788909221.790 4.46 3.92 3.88
1788909223.790 5.62 4.17 3.97
1788909225.790 5.62 4.17 3.97
1788909227.790 5.81 4.24 4.00
1788909229.791 5.81 4.24 4.00
1788909231.793 5.81 4.24 4.00
1788909233.799 5.75 4.25 4.00
1788909235.809 5.75 4.25 4.00
1788909237.809 5.61 4.25 4.00
1788909239.814 5.61 4.25 4.00
1788909241.814 5.61 4.25 4.00
1788909243.814 5.32 4.21 3.99
1788909245.814 5.32 4.21 3.99
1788909247.820 5.05 4.17 3.98
1788909249.820 5.05 4.17 3.98
1788909251.822 5.05 4.17 3.98
1788909253.829 5.69 4.32 4.03
1788909255.839 5.69 4.32 4.03
1788909257.839 5.39 4.28 4.02
1788909259.849 5.39 4.28 4.02
1788909261.850 5.39 4.28 4.02
1788909263.850 6.16 4.46 4.08
1788909265.854 6.16 4.46 4.08
1788909267.859 5.83 4.42 4.07
1788909269.872 5.83 4.42 4.07
1788909271.875 5.83 4.42 4.07
1788909273.875 5.52 4.38 4.06
1788909275.879 5.52 4.38 4.06
1788909277.884 6.12 4.52 4.11
1788909279.884 6.12 4.52 4.11
1788909281.885 6.12 4.52 4.11
1788909283.891 5.87 4.49 4.10
1788909285.893 5.87 4.49 4.10
1788909287.900 6.52 4.65 4.16
1788909289.900 6.52 4.65 4.16
1788909291.900 6.52 4.65 4.16
1788909293.902 6.24 4.62 4.15
1788909295.902 6.24 4.62 4.15
1788909297.903 5.82 4.56 4.14
1788909299.910 5.82 4.56 4.14
1788909301.919 5.82 4.56 4.14
1788909303.921 6.39 4.70 4.19
1788909305.921 6.39 4.70 4.19
1788909307.921 6.92 4.84 4.24
1788909309.931 6.92 4.84 4.24
1788909311.941 6.92 4.84 4.24
1788909313.942 6.53 4.79 4.23
1788909315.942 6.53 4.79 4.23
1788909317.952 6.17 4.75 4.21
1788909319.958 6.17 4.75 4.21
1788909321.965 6.17 4.75 4.21
1788909323.965 6.15 4.77 4.22
1788909325.965 6.15 4.77 4.22
1788909327.974 6.70 4.90 4.27
1788909329.974 6.70 4.90 4.27
1788909331.980 6.70 4.90 4.27
1788909333.980 6.40 4.87 4.27
1788909335.988 6.40 4.87 4.27
1788909337.992 6.29 4.87 4.27
1788909339.996 6.29 4.87 4.27
1788909342.006 6.29 4.87 4.27
1788909344.006 6.03 4.84 4.26
1788909346.006 6.03 4.84 4.26
1788909348.007 6.27 4.91 4.29
1788909350.013 6.27 4.91 4.29
1788909352.014 6.27 4.91 4.29
1788909354.023 6.64 5.01 4.33
1788909356.027 6.64 5.01 4.33
1788909358.027 7.15 5.14 4.38
1788909360.031 7.15 5.14 4.38
1788909362.035 7.15 5.14 4.38
1788909364.045 7.62 5.27 4.43
1788909366.055 7.62 5.27 4.43
1788909368.064 7.97 5.39 4.47
1788909370.065 7.97 5.39 4.47
1788909372.069 7.97 5.39 4.47
1788909374.079 7.41 5.31 4.45
1788909376.079 7.41 5.31 4.45
1788909378.079 7.06 5.27 4.44
1788909380.089 7.06 5.27 4.44
1788909382.094 7.06 5.27 4.44
1788909384.104 6.65 5.22 4.43
1788909386.105 6.65 5.22 4.43
1788909388.107 6.92 5.30 4.46
1788909390.110 6.92 5.30 4.46
1788909392.111 6.92 5.30 4.46
1788909394.114 7.49 5.44 4.52
1788909396.114 7.49 5.44 4.52
1788909398.121 7.05 5.38 4.50
1788909400.131 7.05 5.38 4.50
1788909402.141 7.05 5.38 4.50
1788909404.142 6.80 5.36 4.50
1788909406.152 6.80 5.36 4.50
1788909408.155 6.34 5.29 4.48
1788909410.158 6.34 5.29 4.48
1788909412.158 6.34 5.29 4.48
1788909414.159 5.99 5.23 4.46
1788909416.161 5.99 5.23 4.46
1788909418.164 6.71 5.40 4.52
1788909420.164 6.71 5.40 4.52
1788909422.165 6.71 5.40 4.52
1788909424.168 6.34 5.34 4.51
1788909426.179 6.34 5.34 4.51
1788909428.179 6.07 5.30 4.50
1788909430.179 6.07 5.30 4.50
1788909432.191 6.07 5.30 4.50
1788909434.191 6.86 5.48 4.57
1788909436.196 6.86 5.48 4.57
1788909438.198 7.43 5.62 4.62
1788909440.198 7.43 5.62 4.62
1788909442.198 7.43 5.62 4.62
1788909444.208 7.08 5.57 4.61
1788909446.209 7.08 5.57 4.61
1788909448.213 6.67 5.52 4.60
1788909450.219 6.67 5.52 4.60
1788909452.223 6.67 5.52 4.60
1788909454.223 6.30 5.46 4.58
1788909456.224 6.30 5.46 4.58
1788909458.230 5.95 5.40 4.57
1788909460.232 5.95 5.40 4.57
1788909462.243 5.95 5.40 4.57
1788909464.244 6.76 5.57 4.63
1788909466.254 6.76 5.57 4.63
1788909468.255 6.38 5.52 4.62
1788909470.257 6.38 5.52 4.62
1788909472.257 6.38 5.52 4.62
1788909474.257 6.03 5.46 4.60
1788909476.268 6.03 5.46 4.60
1788909478.277 6.50 5.56 4.65
1788909480.282 6.50 5.56 4.65
1788909482.292 6.50 5.56 4.65
1788909484.292 6.14 5.51 4.63
1788909486.301 6.14 5.51 4.63
1788909488.302 5.81 5.45 4.61
1788909490.306 5.81 5.45 4.61
1788909492.316 5.81 5.45 4.61
1788909494.326 6.39 5.57 4.66
1788909496.328 6.39 5.57 4.66
1788909498.338 6.19 5.55 4.66
1788909500.339 6.19 5.55 4.66
1788909502.341 6.19 5.55 4.66
1788909504.342 7.06 5.74 4.73
1788909506.352 7.06 5.74 4.73
1788909508.352 7.14 5.77 4.75
1788909510.353 7.14 5.77 4.75
1788909512.359 7.14 5.77 4.75
1788909514.360 11.45 6.69 5.08
1788909516.362 11.45 6.69 5.08
1788909518.363 11.97 6.88 5.16
1788909520.368 11.97 6.88 5.16
1788909522.372 11.97 6.88 5.16
1788909524.382 11.41 6.85 5.15
1788909526.382 11.41 6.85 5.15
1788909528.383 28.28 10.42 6.42
1788909530.383 28.28 10.42 6.42
1788909532.385 28.28 10.42 6.42
1788909534.396 27.45 10.54 6.49
1788909536.406 27.45 10.54 6.49
1788909538.406 25.42 10.40 6.47
1788909540.406 25.42 10.40 6.47
1788909542.407 25.42 10.40 6.47
1788909544.407 23.62 10.28 6.45
1788909546.413 23.62 10.28 6.45
1788909548.417 21.89 10.14 6.42
1788909550.422 21.89 10.14 6.42
1788909552.424 21.89 10.14 6.42
1788909554.433 20.14 9.97 6.38
1788909556.434 20.14 9.97 6.38
1788909558.442 18.60 9.82 6.35
1788909560.446 18.60 9.82 6.35
1788909562.451 18.60 9.82 6.35
1788909564.451 17.35 9.71 6.33
1788909566.462 17.35 9.71 6.33
1788909568.464 16.04 9.56 6.30
1788909570.464 16.04 9.56 6.30
1788909572.474 16.04 9.56 6.30
1788909574.484 14.84 9.42 6.27
1788909576.495 14.84 9.42 6.27
1788909578.505 13.73 9.28 6.24
1788909580.515 13.73 9.28 6.24
1788909582.518 13.73 9.28 6.24
1788909584.521 12.71 9.14 6.20
1788909586.530 12.71 9.14 6.20
1788909588.540 11.77 9.01 6.17
1788909590.550 11.77 9.01 6.17
1788909592.561 11.77 9.01 6.17
1788909594.571 10.91 8.87 6.14
1788909596.581 10.91 8.87 6.14
1788909598.583 10.12 8.74 6.11
1788909600.584 10.12 8.74 6.11
1788909602.594 10.12 8.74 6.11
1788909604.605 9.39 8.61 6.08
1788909606.615 9.39 8.61 6.08
1788909608.625 8.87 8.52 6.06
1788909610.631 8.87 8.52 6.06
1788909612.637 8.87 8.52 6.06
1788909614.647 8.32 8.41 6.04
1788909616.654 8.32 8.41 6.04
1788909618.655 7.74 8.29 6.01
1788909620.665 7.74 8.29 6.01
1788909622.671 7.74 8.29 6.01
1788909624.681 7.20 8.17 5.98
1788909626.691 7.20 8.17 5.98
1788909628.701 6.62 8.03 5.95
1788909630.712 6.62 8.03 5.95
1788909632.715 6.62 8.03 5.95
1788909634.725 6.17 7.92 5.92
1788909636.735 6.17 7.92 5.92
1788909638.740 5.68 7.78 5.88
1788909640.750 5.68 7.78 5.88
1788909642.761 5.68 7.78 5.88
1788909644.771 5.38 7.69 5.86
1788909646.781 5.38 7.69 5.86
1788909648.787 5.03 7.58 5.83
1788909650.798 5.03 7.58 5.83
1788909652.798 5.03 7.58 5.83
1788909654.803 4.71 7.47 5.80
1788909656.813 4.71 7.47 5.80
1788909658.822 4.41 7.36 5.77
1788909660.832 4.41 7.36 5.77
1788909662.843 4.41 7.36 5.77
1788909664.851 4.14 7.25 5.75
1788909666.859 4.14 7.25 5.75
1788909668.863 3.89 7.15 5.72
1788909670.869 3.89 7.15 5.72
1788909672.880 3.89 7.15 5.72
1788909674.882 3.65 7.05 5.69
1788909676.893 3.65 7.05 5.69
1788909678.903 3.44 6.95 5.66
1788909680.913 3.44 6.95 5.66
1788909682.914 3.44 6.95 5.66
1788909684.924 3.17 6.83 5.63
1788909686.926 3.17 6.83 5.63
1788909688.936 2.91 6.72 5.60
1788909690.946 2.91 6.72 5.60
1788909692.956 2.91 6.72 5.60
1788909694.967 2.76 6.62 5.57
1788909696.968 2.76 6.62 5.57
1788909698.971 2.78 6.56 5.55
1788909700.979 2.78 6.56 5.55
1788909702.990 2.78 6.56 5.55
1788909704.996 2.87 6.52 5.54
1788909706.999 2.87 6.52 5.54
1788909709.010 2.72 6.43 5.52
1788909711.020 2.72 6.43 5.52
1788909713.030 2.72 6.43 5.52
1788909715.040 2.59 6.34 5.49
1788909717.050 2.59 6.34 5.49
1788909719.061 2.46 6.25 5.46
1788909721.071 2.46 6.25 5.46
1788909723.081 2.46 6.25 5.46
1788909725.091 2.34 6.16 5.44
1788909727.098 2.34 6.16 5.44
1788909729.101 2.31 6.09 5.42
1788909731.101 2.31 6.09 5.42
1788909733.102 2.31 6.09 5.42
1788909735.102 2.29 6.02 5.40
1788909737.103 2.29 6.02 5.40
1788909739.104 2.35 5.97 5.38
1788909741.104 2.35 5.97 5.38
1788909743.106 2.35 5.97 5.38
1788909745.108 2.32 5.91 5.36
1788909747.109 2.32 5.91 5.36
1788909749.109 2.29 5.84 5.34
1788909751.112 2.29 5.84 5.34
1788909753.115 2.29 5.84 5.34
1788909755.115 2.27 5.78 5.32
1788909757.116 2.27 5.78 5.32
1788909759.116 2.41 5.75 5.31
1788909761.117 2.41 5.75 5.31
1788909763.118 2.41 5.75 5.31
1788909765.123 2.37 5.68 5.29
1788909767.128 2.37 5.68 5.29
1788909769.138 2.34 5.62 5.28
1788909771.138 2.34 5.62 5.28
1788909773.141 2.34 5.62 5.28
1788909775.141 2.24 5.55 5.25
1788909777.141 2.24 5.55 5.25
1788909779.142 2.14 5.47 5.23
1788909781.143 2.14 5.47 5.23
1788909783.143 2.14 5.47 5.23
1788909785.146 2.05 5.40 5.20
1788909787.146 2.05 5.40 5.20
1788909789.146 2.20 5.37 5.19
1788909791.146 2.20 5.37 5.19
1788909793.147 2.20 5.37 5.19
1788909795.154 2.19 5.32 5.17
1788909797.163 2.19 5.32 5.17
1788909799.167 2.17 5.26 5.15
1788909801.171 2.17 5.26 5.15
1788909803.178 2.17 5.26 5.15
1788909805.179 2.32 5.24 5.15
1788909807.179 2.32 5.24 5.15
1788909809.179 2.29 5.19 5.13
1788909811.189 2.29 5.19 5.13
1788909813.190 2.29 5.19 5.13
1788909815.190 2.27 5.13 5.11
1788909817.196 2.27 5.13 5.11
1788909819.196 2.33 5.10 5.10
1788909821.197 2.33 5.10 5.10
1788909823.201 2.33 5.10 5.10
1788909825.202 2.30 5.04 5.08
1788909827.205 2.30 5.04 5.08
1788909829.205 2.20 4.98 5.06
1788909831.205 2.20 4.98 5.06
1788909833.206 2.20 4.98 5.06
1788909835.210 2.34 4.96 5.05
1788909837.210 2.34 4.96 5.05
1788909839.212 2.23 4.90 5.03
1788909841.222 2.23 4.90 5.03
1788909843.222 2.23 4.90 5.03
1788909845.224 2.29 4.86 5.01
1788909847.227 2.29 4.86 5.01
1788909849.227 2.19 4.80 4.99
1788909851.228 2.19 4.80 4.99
1788909853.228 2.19 4.80 4.99
1788909855.228 2.25 4.77 4.98
1788909857.230 2.25 4.77 4.98
1788909859.235 2.31 4.74 4.97
1788909861.238 2.31 4.74 4.97
1788909863.241 2.31 4.74 4.97
1788909865.241 2.21 4.68 4.94
1788909867.241 2.21 4.68 4.94
1788909869.241 2.19 4.63 4.92
1788909871.243 2.19 4.63 4.92
1788909873.244 2.19 4.63 4.92
1788909875.244 2.10 4.57 4.90
1788909877.246 2.10 4.57 4.90
1788909879.246 2.09 4.53 4.88
1788909881.247 2.09 4.53 4.88
1788909883.252 2.09 4.53 4.88
1788909885.252 2.16 4.50 4.87
1788909887.251 2.16 4.50 4.87
1788909889.251 2.23 4.48 4.86
1788909891.254 2.23 4.48 4.86
1788909893.255 2.23 4.48 4.86
1788909895.254 2.21 4.44 4.84
1788909897.263 2.21 4.44 4.84
1788909899.262 2.11 4.38 4.82
1788909901.261 2.11 4.38 4.82
1788909903.261 2.11 4.38 4.82
1788909905.262 2.18 4.36 4.81
1788909907.262 2.18 4.36 4.81
1788909909.266 2.17 4.32 4.79
1788909911.267 2.17 4.32 4.79
1788909913.269 2.17 4.32 4.79
1788909915.271 2.47 4.34 4.80
1788909917.280 2.47 4.34 4.80
1788909919.281 2.44 4.31 4.78
1788909921.280 2.44 4.31 4.78
1788909923.280 2.44 4.31 4.78
1788909925.280 2.56 4.30 4.78
1788909927.281 2.56 4.30 4.78
1788909929.282 2.52 4.26 4.76
1788909931.282 2.52 4.26 4.76
1788909933.282 2.52 4.26 4.76
1788909935.282 2.87 4.31 4.78
1788909937.282 2.87 4.31 4.78
1788909939.292 2.80 4.27 4.76
1788909941.293 2.80 4.27 4.76
1788909943.294 2.80 4.27 4.76
1788909945.295 2.74 4.23 4.74
1788909947.295 2.74 4.23 4.74
1788909949.295 3.00 4.26 4.75
1788909951.301 3.00 4.26 4.75
1788909953.301 3.00 4.26 4.75
1788909955.307 3.00 4.24 4.74
1788909957.317 3.00 4.24 4.74
1788909959.327 2.84 4.18 4.72
1788909961.327 2.84 4.18 4.72
1788909963.332 2.77 4.15 4.70
1788909965.332 2.77 4.15 4.70
1788909967.335 2.77 4.15 4.70
1788909969.339 2.87 4.14 4.70
1788909971.339 2.87 4.14 4.70
1788909973.340 3.28 4.21 4.72
1788909975.340 3.28 4.21 4.72
1788909977.340 3.28 4.21 4.72
1788909979.345 3.66 4.27 4.74
1788909981.345 3.66 4.27 4.74
1788909983.347 3.53 4.23 4.72
1788909985.355 3.53 4.23 4.72
1788909987.365 3.53 4.23 4.72
1788909989.369 3.40 4.20 4.70
1788909991.369 3.40 4.20 4.70
1788909993.379 3.37 4.18 4.69
1788909995.384 3.37 4.18 4.69
1788909997.384 3.37 4.18 4.69
1788909999.385 3.26 4.14 4.68
1788910001.385 3.26 4.14 4.68
1788910003.395 3.16 4.10 4.66
1788910005.395 3.16 4.10 4.66
1788910007.405 3.16 4.10 4.66
1788910009.410 3.15 4.09 4.65
1788910011.410 3.15 4.09 4.65
1788910013.410 2.97 4.03 4.63
1788910015.410 2.97 4.03 4.63
1788910017.411 2.97 4.03 4.63
1788910019.411 3.06 4.03 4.63
1788910021.411 3.06 4.03 4.63
1788910023.414 2.97 4.00 4.61
1788910025.416 2.97 4.00 4.61
1788910027.417 2.97 4.00 4.61
1788910029.417 3.05 4.00 4.61
1788910031.426 3.05 4.00 4.61
1788910033.426 3.05 3.98 4.60
1788910035.426 3.05 3.98 4.60
1788910037.436 3.05 3.98 4.60
1788910039.440 3.04 3.97 4.59
1788910041.444 3.04 3.97 4.59
1788910043.445 3.04 3.95 4.58
1788910045.448 3.04 3.95 4.58
1788910047.448 3.04 3.95 4.58
1788910049.449 2.96 3.92 4.56
1788910051.460 2.96 3.92 4.56
1788910053.461 2.96 3.90 4.55
1788910055.471 2.96 3.90 4.55
1788910057.472 2.96 3.90 4.55
1788910059.472 2.88 3.87 4.54
1788910061.472 2.88 3.87 4.54
1788910063.472 2.81 3.84 4.52
1788910065.473 2.81 3.84 4.52
1788910067.473 2.81 3.84 4.52
1788910069.473 2.67 3.79 4.50
1788910071.475 2.67 3.79 4.50
1788910073.478 2.61 3.76 4.49
1788910075.478 2.61 3.76 4.49
1788910077.478 2.61 3.76 4.49
1788910079.484 2.56 3.73 4.47
1788910081.487 2.56 3.73 4.47
1788910083.490 2.52 3.70 4.46
1788910085.490 2.52 3.70 4.46
1788910087.490 2.52 3.70 4.46
1788910089.492 3.12 3.81 4.49
1788910091.492 3.12 3.81 4.49
1788910093.498 3.03 3.78 4.47
1788910095.498 3.03 3.78 4.47
1788910097.499 3.03 3.78 4.47
1788910099.499 2.94 3.75 4.46
1788910101.499 2.94 3.75 4.46
1788910103.503 2.87 3.72 4.44
1788910105.503 2.87 3.72 4.44
1788910107.505 2.87 3.72 4.44
1788910109.509 2.80 3.69 4.43
1788910111.511 2.80 3.69 4.43
1788910113.512 2.73 3.66 4.42
1788910115.512 2.73 3.66 4.42
1788910117.512 2.73 3.66 4.42
1788910119.513 2.76 3.65 4.41
1788910121.513 2.76 3.65 4.41
1788910123.522 2.62 3.61 4.39
1788910125.525 2.62 3.61 4.39
1788910127.528 2.62 3.61 4.39
1788910129.529 2.57 3.58 4.37
1788910131.530 2.57 3.58 4.37
1788910133.531 2.52 3.55 4.36
1788910135.531 2.52 3.55 4.36
1788910137.532 2.52 3.55 4.36
1788910139.532 2.48 3.53 4.34
1788910141.533 2.48 3.53 4.34
1788910143.533 2.76 3.57 4.35
1788910145.540 2.76 3.57 4.35
1788910147.541 2.76 3.57 4.35
1788910149.542 2.70 3.54 4.34
1788910151.542 2.70 3.54 4.34
1788910153.543 2.64 3.52 4.33
1788910155.553 2.64 3.52 4.33
1788910157.553 2.64 3.52 4.33
1788910159.553 2.75 3.52 4.32
1788910161.562 2.75 3.52 4.32
1788910163.562 3.57 3.68 4.37
1788910165.562 3.57 3.68 4.37
1788910167.563 3.57 3.68 4.37
1788910169.563 3.37 3.64 4.35
1788910171.563 3.37 3.64 4.35
1788910173.570 3.34 3.62 4.35
1788910175.570 3.34 3.62 4.35
1788910177.570 3.34 3.62 4.35
1788910179.570 3.15 3.58 4.33
1788910181.572 3.15 3.58 4.33
1788910183.573 3.06 3.55 4.31
1788910185.574 3.06 3.55 4.31
1788910187.574 3.06 3.55 4.31
1788910189.576 3.05 3.54 4.30
1788910191.581 3.05 3.54 4.30
1788910193.581 3.05 3.54 4.30
1788910195.591 3.05 3.54 4.30
1788910197.594 3.05 3.54 4.30
1788910199.594 2.96 3.51 4.28
1788910201.603 2.96 3.51 4.28
1788910203.603 2.89 3.48 4.27
1788910205.605 2.89 3.48 4.27
1788910207.610 2.89 3.48 4.27
1788910209.610 2.81 3.46 4.26
1788910211.610 2.81 3.46 4.26
1788910213.611 2.75 3.44 4.24
1788910215.611 2.75 3.44 4.24
1788910217.611 2.75 3.44 4.24
1788910219.621 2.69 3.41 4.23
1788910221.625 2.69 3.41 4.23
1788910223.625 2.55 3.37 4.21
1788910225.626 2.55 3.37 4.21
1788910227.628 2.55 3.37 4.21
1788910229.628 2.67 3.38 4.21
1788910231.628 2.67 3.38 4.21
1788910233.638 2.54 3.34 4.19
1788910235.643 2.54 3.34 4.19
1788910237.643 2.54 3.34 4.19
1788910239.652 2.49 3.32 4.18
1788910241.662 2.49 3.32 4.18
1788910243.672 2.53 3.31 4.17
1788910245.672 2.53 3.31 4.17
1788910247.673 2.53 3.31 4.17
1788910249.681 2.49 3.29 4.16
1788910251.682 2.49 3.29 4.16
1788910253.682 2.37 3.25 4.14
1788910255.682 2.37 3.25 4.14
1788910257.692 2.37 3.25 4.14
1788910259.692 2.26 3.22 4.12
1788910261.693 2.26 3.22 4.12
1788910263.693 2.32 3.21 4.11
1788910265.703 2.32 3.21 4.11
1788910267.703 2.32 3.21 4.11
1788910269.708 2.45 3.23 4.11
1788910271.709 2.45 3.23 4.11
1788910273.712 2.34 3.19 4.09
1788910275.712 2.34 3.19 4.09
1788910277.712 2.34 3.19 4.09
1788910279.712 2.23 3.15 4.07
1788910281.715 2.23 3.15 4.07
1788910283.715 2.37 3.17 4.07
1788910285.718 2.37 3.17 4.07
1788910287.722 2.37 3.17 4.07
1788910289.723 2.26 3.13 4.06
1788910291.733 2.26 3.13 4.06
1788910293.744 2.24 3.11 4.04
1788910295.744 2.24 3.11 4.04
1788910297.744 2.24 3.11 4.04
1788910299.747 2.22 3.09 4.03
1788910301.748 2.22 3.09 4.03
1788910303.748 2.28 3.09 4.02
1788910305.749 2.28 3.09 4.02
1788910307.749 2.28 3.09 4.02
1788910309.749 2.26 3.07 4.01
1788910311.749 2.26 3.07 4.01
1788910313.749 2.40 3.09 4.01
1788910315.750 2.40 3.09 4.01
1788910317.750 2.40 3.09 4.01
1788910319.750 2.37 3.07 4.00
1788910321.751 2.37 3.07 4.00
1788910323.751 2.34 3.05 3.99
1788910325.759 2.34 3.05 3.99
1788910327.760 2.34 3.05 3.99
1788910329.760 2.31 3.03 3.98
1788910331.766 2.31 3.03 3.98
1788910333.766 2.29 3.01 3.96
1788910335.769 2.29 3.01 3.96
1788910337.769 2.29 3.01 3.96
1788910339.769 2.26 3.00 3.95
1788910341.769 2.26 3.00 3.95
1788910343.769 2.32 3.00 3.95
1788910345.770 2.32 3.00 3.95
1788910347.774 2.32 3.00 3.95
1788910349.778 2.29 2.98 3.94
1788910351.781 2.29 2.98 3.94
1788910353.786 2.19 2.95 3.92
1788910355.790 2.19 2.95 3.92
1788910357.792 2.19 2.95 3.92
1788910359.793 2.18 2.93 3.91
1788910361.796 2.18 2.93 3.91
1788910363.796 2.16 2.92 3.89
1788910365.806 2.16 2.92 3.89
1788910367.810 2.16 2.92 3.89
1788910369.820 2.31 2.93 3.90
1788910371.828 2.31 2.93 3.90
1788910373.838 2.28 2.92 3.88
1788910375.841 2.28 2.92 3.88
1788910377.841 2.28 2.92 3.88
1788910379.851 2.98 3.05 3.93
1788910381.858 2.98 3.05 3.93
1788910383.863 2.90 3.03 3.91
1788910385.874 2.90 3.03 3.91
1788910387.878 2.90 3.03 3.91
1788910389.879 2.83 3.02 3.90
1788910391.879 2.83 3.02 3.90
1788910393.885 2.68 2.98 3.89
1788910395.885 2.68 2.98 3.89
1788910397.886 2.68 2.98 3.89
1788910399.886 2.55 2.95 3.87
1788910401.896 2.55 2.95 3.87
1788910403.906 2.50 2.93 3.86
1788910405.906 2.50 2.93 3.86
1788910407.911 2.50 2.93 3.86
1788910409.921 2.38 2.90 3.84
1788910411.925 2.38 2.90 3.84
1788910413.935 2.43 2.90 3.83
1788910415.935 2.43 2.90 3.83
1788910417.939 2.43 2.90 3.83
1788910419.949 2.40 2.89 3.82
1788910421.950 2.40 2.89 3.82
1788910423.950 2.37 2.87 3.81
1788910425.951 2.37 2.87 3.81
1788910427.952 2.37 2.87 3.81
1788910429.955 2.26 2.84 3.80
1788910431.956 2.26 2.84 3.80
1788910433.957 2.24 2.83 3.79
1788910435.961 2.24 2.83 3.79
1788910437.966 2.24 2.83 3.79
1788910439.967 2.22 2.81 3.77
1788910441.967 2.22 2.81 3.77
1788910443.967 2.20 2.80 3.76
1788910445.977 2.20 2.80 3.76
1788910447.977 2.20 2.80 3.76
1788910449.983 2.10 2.77 3.75
1788910451.983 2.10 2.77 3.75
1788910453.988 2.25 2.79 3.75
1788910455.988 2.25 2.79 3.75
1788910457.988 2.25 2.79 3.75
1788910459.989 2.71 2.88 3.77
1788910461.989 2.71 2.88 3.77
1788910463.990 2.66 2.86 3.76
1788910466.000 2.66 2.86 3.76
1788910468.000 2.66 2.86 3.76
1788910470.004 2.84 2.90 3.77
1788910472.006 2.84 2.90 3.77
1788910474.007 2.78 2.88 3.76
1788910476.007 2.78 2.88 3.76
1788910478.015 2.78 2.88 3.76
1788910480.015 2.71 2.87 3.75
1788910482.015 2.71 2.87 3.75
1788910484.020 2.66 2.85 3.74
1788910486.027 2.66 2.85 3.74
1788910488.027 2.66 2.85 3.74
1788910490.027 2.60 2.84 3.73
1788910492.027 2.60 2.84 3.73
1788910494.027 2.56 2.82 3.72
1788910496.035 2.56 2.82 3.72
1788910498.042 2.56 2.82 3.72
1788910500.042 2.51 2.81 3.71
1788910502.043 2.51 2.81 3.71
1788910504.048 2.95 2.90 3.73
1788910506.051 2.95 2.90 3.73
1788910508.052 2.95 2.90 3.73
1788910510.052 2.79 2.86 3.72
1788910512.062 2.79 2.86 3.72
1788910514.072 2.73 2.85 3.71
1788910516.073 2.73 2.85 3.71
1788910518.073 2.73 2.85 3.71
1788910520.083 2.59 2.82 3.69
1788910522.084 2.59 2.82 3.69
1788910524.084 2.54 2.80 3.68
1788910526.085 2.54 2.80 3.68
1788910528.093 2.54 2.80 3.68
1788910530.094 2.58 2.81 3.67
1788910532.097 2.58 2.81 3.67
1788910534.102 2.61 2.81 3.67
1788910536.103 2.61 2.81 3.67
1788910538.106 2.61 2.81 3.67
1788910540.106 2.64 2.81 3.67
1788910542.110 2.64 2.81 3.67
1788910544.115 2.75 2.83 3.67
1788910546.121 2.75 2.83 3.67
1788910548.122 2.75 2.83 3.67
1788910550.125 3.49 2.98 3.72
1788910552.125 3.49 2.98 3.72
1788910554.126 3.29 2.95 3.70
1788910556.126 3.29 2.95 3.70
1788910558.126 3.29 2.95 3.70
1788910560.129 3.19 2.94 3.69
1788910562.138 3.19 2.94 3.69
1788910564.138 3.09 2.92 3.68
1788910566.148 3.09 2.92 3.68
1788910568.150 3.09 2.92 3.68
1788910570.152 3.81 3.07 3.73
1788910572.152 3.81 3.07 3.73
1788910574.155 3.74 3.07 3.72
1788910576.155 3.74 3.07 3.72
1788910578.155 3.74 3.07 3.72
1788910580.157 3.60 3.05 3.71
1788910582.157 3.60 3.05 3.71
1788910584.167 3.47 3.03 3.70
1788910586.178 3.47 3.03 3.70
1788910588.178 3.47 3.03 3.70
1788910590.182 3.52 3.05 3.70
1788910592.182 3.52 3.05 3.70
1788910594.184 3.95 3.15 3.74
1788910596.184 3.95 3.15 3.74
1788910598.185 3.95 3.15 3.74
1788910600.185 4.60 3.29 3.78
1788910602.195 4.60 3.29 3.78
1788910604.205 4.39 3.27 3.77
1788910606.206 4.39 3.27 3.77
1788910608.206 4.39 3.27 3.77
1788910610.208 4.36 3.28 3.77
1788910612.216 4.36 3.28 3.77
1788910614.216 4.17 3.26 3.76
1788910616.216 4.17 3.26 3.76
1788910618.226 4.17 3.26 3.76
1788910620.226 3.92 3.23 3.75
1788910622.229 3.92 3.23 3.75
1788910624.229 3.92 3.24 3.75
1788910626.229 3.92 3.24 3.75
1788910628.230 3.92 3.24 3.75
1788910630.233 3.85 3.23 3.74
1788910632.234 3.85 3.23 3.74
1788910634.234 3.70 3.21 3.73
1788910636.235 3.70 3.21 3.73
1788910638.236 3.70 3.21 3.73
1788910640.236 3.56 3.19 3.72
1788910642.246 3.56 3.19 3.72
1788910644.246 3.52 3.19 3.72
1788910646.256 3.52 3.19 3.72
1788910648.257 3.52 3.19 3.72
1788910650.258 3.32 3.15 3.70
1788910652.268 3.32 3.15 3.70
1788910654.268 3.13 3.12 3.69
1788910656.274 3.13 3.12 3.69
1788910658.279 3.13 3.12 3.69
1788910660.285 2.96 3.08 3.67
1788910662.290 2.96 3.08 3.67
1788910664.300 3.12 3.11 3.68
1788910666.310 3.12 3.11 3.68
1788910668.318 3.12 3.11 3.68
1788910670.328 3.03 3.09 3.67
1788910672.328 3.03 3.09 3.67
1788910674.329 2.95 3.08 3.66
1788910676.341 2.95 3.08 3.66
1788910678.345 2.95 3.08 3.66
1788910680.345 2.71 3.02 3.64
1788910682.349 2.71 3.02 3.64
1788910684.349 2.74 3.02 3.63
1788910686.350 2.74 3.02 3.63
1788910688.366 2.74 3.02 3.63
1788910690.372 2.92 3.06 3.64
1788910692.372 2.92 3.06 3.64
1788910694.376 3.08 3.09 3.65
1788910696.377 3.08 3.09 3.65
1788910698.387 3.08 3.09 3.65
1788910700.392 3.80 3.24 3.70
1788910702.392 3.80 3.24 3.70
1788910704.392 3.65 3.22 3.69
1788910706.393 3.65 3.22 3.69
1788910708.403 3.65 3.22 3.69
1788910710.404 4.24 3.34 3.73
1788910712.404 4.24 3.34 3.73
1788910714.408 4.22 3.35 3.73
1788910716.416 4.22 3.35 3.73
1788910718.428 4.22 3.35 3.73
1788910720.428 5.33 3.60 3.81
1788910722.443 5.33 3.60 3.81
1788910724.443 5.54 3.67 3.84
1788910726.454 5.54 3.67 3.84
1788910728.465 5.54 3.67 3.84
1788910730.475 5.18 3.63 3.82
1788910732.475 5.18 3.63 3.82
1788910734.476 4.84 3.58 3.80
1788910736.483 4.84 3.58 3.80
1788910738.494 4.84 3.58 3.80
1788910740.494 4.53 3.54 3.79
1788910742.494 4.53 3.54 3.79
1788910744.495 4.25 3.50 3.77
1788910746.495 4.25 3.50 3.77
1788910748.505 4.25 3.50 3.77
1788910750.510 3.99 3.46 3.75
1788910752.510 3.99 3.46 3.75
1788910754.510 4.95 3.66 3.83
1788910756.510 4.95 3.66 3.83
1788910758.510 4.95 3.66 3.83
1788910760.510 4.79 3.65 3.82
1788910762.514 4.79 3.65 3.82
1788910764.514 4.57 3.62 3.81
1788910766.524 4.57 3.62 3.81
1788910768.534 4.57 3.62 3.81
1788910770.534 4.28 3.58 3.79
1788910772.534 4.28 3.58 3.79
1788910774.534 4.34 3.60 3.80
1788910776.536 4.34 3.60 3.80
1788910778.537 4.34 3.60 3.80
1788910780.539 4.39 3.63 3.81
1788910782.543 4.39 3.63 3.81
1788910784.543 4.20 3.60 3.80
1788910786.546 4.20 3.60 3.80
1788910788.546 4.20 3.60 3.80
1788910790.547 4.03 3.57 3.79
1788910792.549 4.03 3.57 3.79
1788910794.550 3.86 3.55 3.77
1788910796.550 3.86 3.55 3.77
1788910798.552 3.86 3.55 3.77
1788910800.553 3.79 3.54 3.77
1788910802.554 3.79 3.54 3.77
1788910804.562 4.53 3.69 3.82
1788910806.562 4.53 3.69 3.82
1788910808.572 4.53 3.69 3.82
1788910810.582 5.21 3.85 3.88
1788910812.585 5.21 3.85 3.88
1788910814.585 5.67 3.97 3.92
1788910816.585 5.67 3.97 3.92
1788910818.594 5.67 3.97 3.92
1788910820.600 5.38 3.93 3.91
1788910822.600 5.38 3.93 3.91
1788910824.601 5.19 3.92 3.90
1788910826.611 5.19 3.92 3.90
1788910828.614 5.19 3.92 3.90
1788910830.621 5.81 4.07 3.96
1788910832.621 5.81 4.07 3.96
1788910834.632 5.67 4.07 3.96
1788910836.643 5.67 4.07 3.96
1788910838.654 5.67 4.07 3.96
1788910840.657 6.01 4.17 3.99
1788910842.659 6.01 4.17 3.99
1788910844.659 5.61 4.11 3.97
1788910846.659 5.61 4.11 3.97
1788910848.669 5.61 4.11 3.97
1788910850.669 5.24 4.06 3.96
1788910852.670 5.24 4.06 3.96
1788910854.673 5.54 4.14 3.98
1788910856.674 5.54 4.14 3.98
1788910858.682 5.54 4.14 3.98
1788910860.684 7.82 4.64 4.16
1788910862.684 7.82 4.64 4.16
1788910864.694 7.52 4.63 4.16
1788910866.698 7.52 4.63 4.16
1788910868.702 7.52 4.63 4.16
1788910870.703 7.07 4.58 4.15
1788910872.703 7.07 4.58 4.15
1788910874.705 7.71 4.76 4.21
1788910876.706 7.71 4.76 4.21
1788910878.708 7.71 4.76 4.21
1788910880.711 8.21 4.91 4.27
1788910882.711 8.21 4.91 4.27
1788910884.721 7.71 4.86 4.25
1788910886.722 7.71 4.86 4.25
1788910888.722 7.71 4.86 4.25
1788910890.734 7.26 4.81 4.24
1788910892.734 7.26 4.81 4.24
1788910894.738 6.83 4.77 4.23
1788910896.749 6.83 4.77 4.23
1788910898.756 6.83 4.77 4.23
1788910900.760 6.45 4.72 4.21
1788910902.760 6.45 4.72 4.21
1788910904.763 6.09 4.67 4.20
1788910906.767 6.09 4.67 4.20
1788910908.777 6.09 4.67 4.20
1788910910.787 5.76 4.63 4.19
1788910912.787 5.76 4.63 4.19
1788910914.797 5.46 4.59 4.17
1788910916.801 5.46 4.59 4.17
1788910918.805 5.46 4.59 4.17
1788910920.815 6.15 4.74 4.23
1788910922.834 6.15 4.74 4.23
1788910924.849 5.81 4.70 4.22
1788910926.850 5.81 4.70 4.22
1788910928.851 5.81 4.70 4.22
1788910930.858 5.51 4.65 4.20
1788910932.865 5.51 4.65 4.20
1788910934.872 5.31 4.62 4.20
1788910936.882 5.31 4.62 4.20
1788910938.882 5.31 4.62 4.20
1788910940.892 5.60 4.70 4.23
1788910942.890 5.60 4.70 4.23
1788910944.896 5.39 4.67 4.22
1788910946.893 5.39 4.67 4.22
1788910948.897 5.39 4.67 4.22
1788910950.900 5.20 4.64 4.21
1788910952.907 5.20 4.64 4.21
1788910954.905 4.94 4.60 4.20
1788910956.913 4.94 4.60 4.20
1788910958.921 4.94 4.60 4.20
1788910960.930 4.63 4.54 4.18
1788910962.929 4.63 4.54 4.18
1788910964.930 4.58 4.53 4.18
1788910966.930 4.58 4.53 4.18
1788910968.931 4.58 4.53 4.18
1788910970.940 4.45 4.50 4.17
1788910972.946 4.45 4.50 4.17
1788910974.955 4.17 4.44 4.15
1788910976.965 4.17 4.44 4.15
1788910978.975 4.17 4.44 4.15
1788910980.980 4.16 4.43 4.15
1788910982.980 4.16 4.43 4.15
1788910984.980 4.15 4.43 4.15
1788910986.983 4.15 4.43 4.15
1788910988.983 4.15 4.43 4.15
1788910990.993 3.98 4.39 4.14
1788910993.003 3.98 4.39 4.14
1788910995.006 3.98 4.38 4.13
1788910997.007 3.98 4.38 4.13
1788910999.011 3.98 4.38 4.13
1788911001.015 3.82 4.34 4.12
1788911003.019 3.82 4.34 4.12
1788911005.019 3.67 4.30 4.11
1788911007.029 3.67 4.30 4.11
1788911009.040 3.67 4.30 4.11
1788911011.049 4.34 4.43 4.16
1788911013.058 4.34 4.43 4.16
1788911015.058 4.15 4.39 4.14
1788911017.069 4.15 4.39 4.14
1788911019.079 3.90 4.33 4.12
1788911021.089 3.90 4.33 4.12
1788911023.099 3.90 4.33 4.12
1788911025.109 3.75 4.29 4.11
1788911027.109 3.75 4.29 4.11
1788911029.109 3.61 4.25 4.10
1788911031.116 3.61 4.25 4.10
1788911033.118 3.61 4.25 4.10
1788911035.119 21.42 7.94 5.40
1788911037.129 21.42 7.94 5.40
1788911039.129 20.18 7.90 5.40
1788911041.129 20.18 7.90 5.40
1788911043.129 20.18 7.90 5.40
1788911045.129 21.85 8.45 5.61
1788911047.136 21.85 8.45 5.61
1788911049.137 20.82 8.46 5.63
1788911051.138 20.82 8.46 5.63
1788911053.140 20.82 8.46 5.63
1788911055.140 19.39 8.37 5.61
1788911057.141 19.39 8.37 5.61
1788911059.141 28.57 10.46 6.37
1788911061.141 28.57 10.46 6.37
1788911063.143 28.57 10.46 6.37
1788911065.145 26.92 10.42 6.38
1788911067.147 26.92 10.42 6.38
1788911069.155 24.92 10.27 6.35
1788911071.156 24.92 10.27 6.35
1788911073.158 24.92 10.27 6.35
1788911075.158 27.09 10.97 6.62
1788911077.158 27.09 10.97 6.62
1788911079.168 25.00 10.80 6.58
1788911081.171 25.00 10.80 6.58
1788911083.173 25.00 10.80 6.58
1788911085.184 23.24 10.67 6.56
1788911087.193 23.24 10.67 6.56
1788911089.197 21.54 10.53 6.54
1788911091.209 21.54 10.53 6.54
1788911093.213 21.54 10.53 6.54
1788911095.220 19.81 10.35 6.50
1788911097.221 19.81 10.35 6.50
1788911099.231 18.31 10.20 6.46
1788911101.234 18.31 10.20 6.46
1788911103.244 18.31 10.20 6.46
1788911105.254 16.92 10.04 6.43
1788911107.259 16.92 10.04 6.43
1788911109.259 15.65 9.89 6.40
1788911111.268 15.65 9.89 6.40
1788911113.278 15.65 9.89 6.40
1788911115.289 14.47 9.75 6.37
1788911117.299 14.47 9.75 6.37
1788911119.307 13.39 9.60 6.34
1788911121.307 13.39 9.60 6.34
1788911123.314 13.39 9.60 6.34
1788911125.317 12.40 9.46 6.30
1788911127.319 12.40 9.46 6.30
1788911129.321 11.65 9.35 6.29
1788911131.331 11.65 9.35 6.29
1788911133.341 11.65 9.35 6.29
1788911135.344 10.80 9.21 6.25
1788911137.347 10.80 9.21 6.25
1788911139.351 10.01 9.07 6.22
1788911141.353 10.01 9.07 6.22
1788911143.353 10.01 9.07 6.22
1788911145.356 9.29 8.94 6.19
1788911147.366 9.29 8.94 6.19
1788911149.368 8.62 8.81 6.16
1788911151.378 8.62 8.81 6.16
1788911153.382 8.62 8.81 6.16
1788911155.392 7.93 8.66 6.12
1788911157.397 7.93 8.66 6.12
1788911159.399 7.38 8.53 6.09
1788911161.403 7.38 8.53 6.09
1788911163.413 7.38 8.53 6.09
1788911165.417 6.79 8.39 6.06
1788911167.424 6.79 8.39 6.06
1788911169.431 6.24 8.25 6.02
1788911171.442 6.24 8.25 6.02
1788911173.446 6.24 8.25 6.02
1788911175.448 5.82 8.13 5.99
1788911177.458 5.82 8.13 5.99
1788911179.461 5.44 8.01 5.96
1788911181.471 5.44 8.01 5.96
1788911183.481 5.44 8.01 5.96
1788911185.489 5.08 7.90 5.93
1788911187.500 5.08 7.90 5.93
1788911189.510 4.75 7.78 5.91
1788911191.520 4.75 7.78 5.91
1788911193.530 4.75 7.78 5.91
1788911195.541 4.45 7.67 5.88
1788911197.548 4.45 7.67 5.88
1788911199.549 4.18 7.56 5.85
1788911201.557 4.18 7.56 5.85
1788911203.560 4.18 7.56 5.85
1788911205.570 3.84 7.43 5.81
1788911207.580 3.84 7.43 5.81
1788911209.590 3.61 7.33 5.78
1788911211.601 3.61 7.33 5.78
1788911213.611 3.61 7.33 5.78
1788911215.621 3.40 7.22 5.76
1788911217.624 3.40 7.22 5.76
1788911219.625 3.21 7.12 5.73
1788911221.626 3.21 7.12 5.73
1788911223.636 3.21 7.12 5.73
1788911225.646 3.03 7.02 5.70
1788911227.656 3.03 7.02 5.70
1788911229.659 2.87 6.92 5.67
1788911231.669 2.87 6.92 5.67
1788911233.673 2.87 6.92 5.67
1788911235.680 2.88 6.85 5.66
1788911237.683 2.88 6.85 5.66
1788911239.686 2.73 6.75 5.63
1788911241.688 2.73 6.75 5.63
1788911243.694 2.73 6.75 5.63
1788911245.704 2.67 6.67 5.61
1788911247.714 2.67 6.67 5.61
1788911249.719 2.62 6.60 5.59
1788911251.725 2.62 6.60 5.59
1788911253.726 2.62 6.60 5.59
1788911255.727 2.49 6.50 5.56
1788911257.737 2.49 6.50 5.56
1788911259.738 2.61 6.46 5.55
1788911261.740 2.61 6.46 5.55
1788911263.742 2.61 6.46 5.55
1788911265.742 2.56 6.39 5.53
1788911267.746 2.56 6.39 5.53
1788911269.746 2.76 6.36 5.52
1788911271.756 2.76 6.36 5.52
1788911273.756 2.76 6.36 5.52
1788911275.757 2.85 6.32 5.52
1788911277.757 2.85 6.32 5.52
1788911279.757 2.79 6.25 5.49
1788911281.757 2.79 6.25 5.49
1788911283.763 2.79 6.25 5.49
1788911285.764 2.80 6.20 5.48
1788911287.774 2.80 6.20 5.48
1788911289.774 2.90 6.16 5.47
1788911291.783 2.90 6.16 5.47
1788911293.784 2.90 6.16 5.47
1788911295.784 3.07 6.14 5.47
1788911297.791 3.07 6.14 5.47
1788911299.796 3.14 6.11 5.46
1788911301.806 3.14 6.11 5.46
1788911303.806 3.14 6.11 5.46
1788911305.806 3.45 6.12 5.47
1788911307.808 3.45 6.12 5.47
1788911309.809 3.33 6.05 5.45
1788911311.811 3.33 6.05 5.45
1788911313.812 3.33 6.05 5.45
1788911315.813 3.47 6.03 5.44
1788911317.813 3.47 6.03 5.44
1788911319.813 3.43 5.98 5.43
1788911321.814 3.43 5.98 5.43
1788911323.816 3.43 5.98 5.43
1788911325.816 3.40 5.93 5.42
1788911327.816 3.40 5.93 5.42
1788911329.816 3.52 5.92 5.41
1788911331.816 3.52 5.92 5.41
1788911333.816 3.52 5.92 5.41
1788911335.819 3.48 5.87 5.40
1788911337.820 3.48 5.87 5.40
1788911339.820 3.44 5.82 5.38
1788911341.828 3.44 5.82 5.38
1788911343.828 3.44 5.82 5.38
1788911345.838 3.33 5.76 5.36
1788911347.842 3.33 5.76 5.36
1788911349.842 3.14 5.68 5.34
1788911351.842 3.14 5.68 5.34
1788911353.843 3.14 5.68 5.34
1788911355.844 2.97 5.60 5.31
1788911357.844 2.97 5.60 5.31
1788911359.844 2.81 5.52 5.29
1788911361.845 2.81 5.52 5.29
1788911363.845 2.81 5.52 5.29
1788911365.846 2.75 5.46 5.27
1788911367.846 2.75 5.46 5.27
1788911369.846 2.77 5.42 5.25
1788911371.855 2.77 5.42 5.25
1788911373.855 2.77 5.42 5.25
1788911375.855 2.78 5.38 5.24
1788911377.855 2.78 5.38 5.24
1788911379.856 2.64 5.31 5.22
1788911381.866 2.64 5.31 5.22
1788911383.866 2.64 5.31 5.22
1788911385.866 2.67 5.27 5.20
1788911387.867 2.67 5.27 5.20
1788911389.867 2.86 5.27 5.20
1788911391.871 2.86 5.27 5.20
1788911393.872 2.86 5.27 5.20
1788911395.882 3.03 5.26 5.20
1788911397.882 3.03 5.26 5.20
1788911399.883 2.94 5.21 5.18
1788911401.888 2.94 5.21 5.18
1788911403.888 2.94 5.21 5.18
1788911405.888 2.95 5.17 5.17
1788911407.889 2.95 5.17 5.17
1788911409.892 2.95 5.13 5.15
1788911411.892 2.95 5.13 5.15
1788911413.892 2.95 5.13 5.15
1788911415.893 2.88 5.08 5.14
1788911417.893 2.88 5.08 5.14
1788911419.893 2.81 5.03 5.12
1788911421.894 2.81 5.03 5.12
1788911423.898 2.81 5.03 5.12
1788911425.899 3.06 5.05 5.12
1788911427.899 3.06 5.05 5.12
1788911429.899 2.98 5.00 5.10
1788911431.899 2.98 5.00 5.10
1788911433.899 2.98 5.00 5.10
1788911435.900 3.06 4.98 5.10
1788911437.904 3.06 4.98 5.10
1788911439.905 2.97 4.93 5.08
1788911441.905 2.97 4.93 5.08
1788911443.909 2.97 4.93 5.08
1788911445.919 2.89 4.88 5.06
1788911447.919 2.89 4.88 5.06
1788911449.919 3.06 4.88 5.06
1788911451.929 3.06 4.88 5.06
1788911453.931 3.06 4.88 5.06
1788911455.931 2.98 4.83 5.04
1788911457.932 2.98 4.83 5.04
1788911459.932 2.98 4.80 5.03
1788911461.933 2.98 4.80 5.03
1788911463.933 2.98 4.80 5.03
1788911465.934 2.82 4.74 5.01
1788911467.935 2.82 4.74 5.01
1788911469.945 2.75 4.69 4.99
1788911471.950 2.75 4.69 4.99
1788911473.950 2.75 4.69 4.99
1788911475.960 2.77 4.67 4.98
1788911477.960 2.77 4.67 4.98
1788911479.964 2.87 4.65 4.97
1788911481.965 2.87 4.65 4.97
1788911483.965 2.87 4.65 4.97
1788911485.969 2.80 4.61 4.95
1788911487.969 2.80 4.61 4.95
1788911489.970 2.82 4.58 4.94
1788911491.972 2.82 4.58 4.94
1788911493.982 2.82 4.58 4.94
1788911495.982 2.67 4.52 4.92
1788911497.983 2.67 4.52 4.92
1788911499.983 2.70 4.50 4.91
1788911501.987 2.70 4.50 4.91
1788911503.988 2.70 4.50 4.91
1788911505.989 2.56 4.44 4.88
1788911507.989 2.56 4.44 4.88
1788911509.989 2.44 4.38 4.86
1788911511.989 2.44 4.38 4.86
1788911513.990 2.44 4.38 4.86
1788911515.990 2.40 4.34 4.84
1788911517.990 2.40 4.34 4.84
1788911519.991 2.37 4.30 4.83
1788911521.991 2.37 4.30 4.83
1788911523.991 2.37 4.30 4.83
1788911525.995 2.82 4.37 4.84
1788911527.995 2.82 4.37 4.84
1788911529.999 2.83 4.34 4.83
1788911531.999 2.83 4.34 4.83
1788911533.999 2.83 4.34 4.83
1788911535.999 2.77 4.30 4.82
1788911538.003 2.77 4.30 4.82
1788911540.003 2.70 4.26 4.80
1788911542.003 2.70 4.26 4.80
1788911544.005 2.70 4.26 4.80
1788911546.009 2.65 4.23 4.78
1788911548.018 2.65 4.23 4.78
1788911550.018 3.32 4.34 4.82
1788911552.022 3.32 4.34 4.82
1788911554.023 3.32 4.34 4.82
1788911556.033 3.21 4.30 4.80
1788911558.034 3.21 4.30 4.80
1788911560.039 3.11 4.26 4.79
1788911562.042 3.11 4.26 4.79
1788911564.052 3.11 4.26 4.79
1788911566.052 3.02 4.22 4.77
1788911568.062 3.02 4.22 4.77
1788911570.062 2.94 4.19 4.75
1788911572.072 2.94 4.19 4.75
1788911574.072 2.94 4.19 4.75
1788911576.073 2.87 4.15 4.74
1788911578.073 2.87 4.15 4.74
1788911580.073 2.80 4.11 4.72
1788911582.079 2.80 4.11 4.72
1788911584.079 2.80 4.11 4.72
1788911586.089 2.73 4.08 4.70
1788911588.089 2.73 4.08 4.70
1788911590.099 2.67 4.04 4.69
1788911592.100 2.67 4.04 4.69
1788911594.100 2.67 4.04 4.69
1788911596.102 2.62 4.01 4.67
1788911598.103 2.62 4.01 4.67
1788911600.108 2.65 3.99 4.66
1788911602.108 2.65 3.99 4.66
1788911604.108 2.65 3.99 4.66
1788911606.112 2.68 3.98 4.65
1788911608.113 2.68 3.98 4.65
1788911610.113 2.94 4.01 4.66
1788911612.119 2.94 4.01 4.66
1788911614.122 2.94 4.01 4.66
1788911616.124 3.59 4.13 4.70
1788911618.124 3.59 4.13 4.70
1788911620.124 3.46 4.09 4.68
1788911622.124 3.46 4.09 4.68
1788911624.124 3.46 4.09 4.68
1788911626.124 3.26 4.04 4.66
1788911628.125 3.26 4.04 4.66
1788911630.128 3.16 4.00 4.64
1788911632.129 3.16 4.00 4.64
1788911634.139 3.16 4.00 4.64
1788911636.141 2.99 3.95 4.62
1788911638.144 2.99 3.95 4.62
1788911640.149 3.07 3.95 4.62
1788911642.149 3.07 3.95 4.62
1788911644.150 3.07 3.95 4.62
1788911646.150 3.46 4.02 4.64
1788911648.151 3.46 4.02 4.64
1788911650.152 3.35 3.99 4.62
1788911652.152 3.35 3.99 4.62
1788911654.152 3.35 3.99 4.62
1788911656.152 3.24 3.95 4.61
1788911658.153 3.24 3.95 4.61
1788911660.155 3.14 3.92 4.59
1788911662.158 3.14 3.92 4.59
1788911664.158 3.14 3.92 4.59
1788911666.158 3.77 4.04 4.63
1788911668.159 3.77 4.04 4.63
1788911670.160 3.63 4.00 4.61
1788911672.160 3.63 4.00 4.61
1788911674.161 3.63 4.00 4.61
1788911676.164 3.50 3.97 4.60
1788911678.165 3.50 3.97 4.60
1788911680.167 3.38 3.94 4.58
1788911682.177 3.38 3.94 4.58
1788911684.178 3.38 3.94 4.58
1788911686.179 3.27 3.91 4.56
1788911688.189 3.27 3.91 4.56
1788911690.189 3.16 3.87 4.55
1788911692.189 3.16 3.87 4.55
1788911694.190 3.16 3.87 4.55
1788911696.190 3.79 3.99 4.59
1788911698.200 3.79 3.99 4.59
1788911700.207 3.57 3.94 4.57
1788911702.211 3.57 3.94 4.57
1788911704.215 3.57 3.94 4.57
1788911706.215 3.60 3.94 4.56
1788911708.217 3.60 3.94 4.56
1788911710.217 3.55 3.93 4.55
1788911712.219 3.55 3.93 4.55
1788911714.220 3.55 3.93 4.55
1788911716.230 3.35 3.88 4.53
1788911718.230 3.35 3.88 4.53
1788911720.238 4.04 4.01 4.58
1788911722.245 4.04 4.01 4.58
1788911724.249 4.04 4.01 4.58
1788911726.250 3.88 3.98 4.56
1788911728.252 3.88 3.98 4.56
1788911730.254 3.81 3.96 4.55
1788911732.257 3.81 3.96 4.55
1788911734.257 3.81 3.96 4.55
1788911736.261 3.58 3.91 4.53
1788911738.261 3.58 3.91 4.53
1788911740.267 3.46 3.88 4.52
1788911742.268 3.46 3.88 4.52
1788911744.278 3.46 3.88 4.52
1788911746.284 3.34 3.85 4.50
1788911748.284 3.34 3.85 4.50
1788911750.284 3.23 3.82 4.49
1788911752.285 3.23 3.82 4.49
1788911754.287 3.23 3.82 4.49
1788911756.292 3.13 3.79 4.47
1788911758.296 3.13 3.79 4.47
1788911760.299 3.36 3.82 4.48
1788911762.304 3.36 3.82 4.48
1788911764.305 3.36 3.82 4.48
1788911766.306 3.25 3.79 4.46
1788911768.316 3.25 3.79 4.46
1788911770.317 3.15 3.76 4.45
1788911772.317 3.15 3.76 4.45
1788911774.321 3.15 3.76 4.45
1788911776.322 3.06 3.73 4.44
1788911778.329 3.06 3.73 4.44
1788911780.331 2.90 3.69 4.42
1788911782.337 2.90 3.69 4.42
1788911784.339 2.82 3.66 4.40
1788911786.340 2.82 3.66 4.40
1788911788.340 2.82 3.66 4.40
1788911790.342 2.76 3.63 4.39
1788911792.345 2.76 3.63 4.39
1788911794.345 2.70 3.61 4.37
1788911796.345 2.70 3.61 4.37
1788911798.355 2.70 3.61 4.37
1788911800.365 2.64 3.58 4.36
1788911802.365 2.64 3.58 4.36
1788911804.365 2.59 3.55 4.34
1788911806.366 2.59 3.55 4.34
1788911808.366 2.59 3.55 4.34
1788911810.366 2.54 3.53 4.33
1788911812.369 2.54 3.53 4.33
1788911814.370 2.50 3.50 4.32
1788911816.370 2.50 3.50 4.32
1788911818.378 2.50 3.50 4.32
1788911820.379 2.46 3.48 4.30
1788911822.389 2.46 3.48 4.30
1788911824.390 2.34 3.43 4.28
1788911826.390 2.34 3.43 4.28
1788911828.391 2.34 3.43 4.28
1788911830.396 2.39 3.43 4.28
1788911832.399 2.39 3.43 4.28
1788911834.409 2.52 3.44 4.27
1788911836.414 2.52 3.44 4.27
1788911838.424 2.52 3.44 4.27
1788911840.425 2.40 3.40 4.25
1788911842.435 2.40 3.40 4.25
1788911844.435 2.45 3.39 4.25
1788911846.443 2.45 3.39 4.25
1788911848.443 2.45 3.39 4.25
1788911850.452 2.41 3.37 4.23
1788911852.454 2.41 3.37 4.23
1788911854.455 2.30 3.33 4.21
1788911856.455 2.30 3.33 4.21
1788911858.456 2.30 3.33 4.21
1788911860.458 3.23 3.50 4.27
1788911862.459 3.23 3.50 4.27
1788911864.459 3.22 3.49 4.26
1788911866.463 3.22 3.49 4.26
1788911868.464 3.22 3.49 4.26
1788911870.465 3.20 3.49 4.26
1788911872.466 3.20 3.49 4.26
1788911874.467 3.18 3.48 4.25
1788911876.468 3.18 3.48 4.25
1788911878.470 3.18 3.48 4.25
1788911880.470 3.17 3.47 4.24
1788911882.471 3.17 3.47 4.24
1788911884.477 3.07 3.44 4.23
1788911886.477 3.07 3.44 4.23
1788911888.484 3.07 3.44 4.23
1788911890.484 2.99 3.42 4.21
1788911892.494 2.99 3.42 4.21
1788911894.495 2.91 3.40 4.20
1788911896.496 2.91 3.40 4.20
1788911898.497 2.91 3.40 4.20
1788911900.500 3.56 3.52 4.24
1788911902.510 3.56 3.52 4.24
1788911904.520 3.75 3.56 4.25
1788911906.526 3.75 3.56 4.25
1788911908.528 3.75 3.56 4.25
1788911910.528 3.69 3.55 4.24
1788911912.532 3.69 3.55 4.24
1788911914.540 3.56 3.53 4.23
1788911916.547 3.56 3.53 4.23
1788911918.547 3.56 3.53 4.23
1788911920.549 3.43 3.50 4.22
1788911922.549 3.43 3.50 4.22
1788911924.549 4.36 3.69 4.28
1788911926.551 4.36 3.69 4.28
1788911928.553 4.36 3.69 4.28
1788911930.563 4.17 3.66 4.27
1788911932.564 4.17 3.66 4.27
1788911934.564 4.07 3.65 4.26
1788911936.574 4.07 3.65 4.26
1788911938.577 4.07 3.65 4.26
1788911940.579 4.23 3.69 4.27
1788911942.586 4.23 3.69 4.27
1788911944.587 3.97 3.65 4.25
1788911946.587 3.97 3.65 4.25
1788911948.587 3.97 3.65 4.25
1788911950.587 4.05 3.67 4.25
1788911952.587 4.05 3.67 4.25
1788911954.592 3.89 3.64 4.24
1788911956.595 3.89 3.64 4.24
1788911958.596 3.89 3.64 4.24
1788911960.602 3.74 3.61 4.23
1788911962.602 3.74 3.61 4.23
1788911964.604 3.60 3.59 4.21
1788911966.604 3.60 3.59 4.21
1788911968.605 3.60 3.59 4.21
1788911970.607 3.63 3.59 4.21
1788911972.617 3.63 3.59 4.21
1788911974.627 3.58 3.58 4.20
1788911976.632 3.58 3.58 4.20
1788911978.638 3.58 3.58 4.20
1788911980.638 3.45 3.56 4.19
1788911982.647 3.45 3.56 4.19
1788911984.647 3.42 3.55 4.18
1788911986.647 3.42 3.55 4.18
1788911988.648 3.42 3.55 4.18
1788911990.649 3.30 3.52 4.17
1788911992.655 3.30 3.52 4.17
1788911994.659 3.20 3.50 4.16
1788911996.669 3.20 3.50 4.16
1788911998.670 3.20 3.50 4.16
1788912000.670 3.10 3.47 4.14
1788912002.677 3.10 3.47 4.14
1788912004.683 3.01 3.45 4.13
1788912006.683 3.01 3.45 4.13
1788912008.683 3.01 3.45 4.13
1788912010.684 2.93 3.42 4.12
1788912012.684 2.93 3.42 4.12
1788912014.694 2.86 3.40 4.11
1788912016.694 2.86 3.40 4.11
1788912018.696 2.86 3.40 4.11
1788912020.697 2.79 3.38 4.09
1788912022.697 2.79 3.38 4.09
1788912024.698 2.72 3.35 4.08
1788912026.698 2.72 3.35 4.08
1788912028.700 2.72 3.35 4.08
1788912030.701 2.67 3.33 4.07
1788912032.701 2.67 3.33 4.07
1788912034.701 2.61 3.31 4.06
1788912036.702 2.61 3.31 4.06
1788912038.707 2.61 3.31 4.06
1788912040.712 2.64 3.30 4.05
1788912042.715 2.64 3.30 4.05
1788912044.715 2.83 3.33 4.06
1788912046.716 2.83 3.33 4.06
1788912048.716 2.83 3.33 4.06
1788912050.717 3.40 3.44 4.09
1788912052.719 3.40 3.44 4.09
1788912054.719 3.37 3.43 4.08
1788912056.721 3.37 3.43 4.08
1788912058.723 3.37 3.43 4.08
1788912060.723 3.26 3.41 4.07
1788912062.723 3.26 3.41 4.07
1788912064.724 3.24 3.40 4.06
1788912066.724 3.24 3.40 4.06
1788912068.725 3.24 3.40 4.06
1788912070.726 4.02 3.56 4.12
1788912072.727 4.02 3.56 4.12
1788912074.727 3.78 3.52 4.10
1788912076.727 3.78 3.52 4.10
1788912078.727 3.78 3.52 4.10
1788912080.727 3.72 3.51 4.09
1788912082.728 3.72 3.51 4.09
1788912084.728 3.66 3.50 4.08
1788912086.728 3.66 3.50 4.08
1788912088.729 3.66 3.50 4.08
1788912090.737 3.61 3.49 4.08
1788912092.742 3.61 3.49 4.08
1788912094.742 3.48 3.47 4.07
1788912096.742 3.48 3.47 4.07
1788912098.752 3.48 3.47 4.07
1788912100.754 3.36 3.44 4.05
1788912102.764 3.36 3.44 4.05
1788912104.769 3.97 3.57 4.09
1788912106.770 3.97 3.57 4.09
1788912108.780 3.97 3.57 4.09
1788912110.784 3.81 3.54 4.08
1788912112.784 3.81 3.54 4.08
1788912114.786 3.67 3.52 4.07
1788912116.787 3.67 3.52 4.07
1788912118.787 3.67 3.52 4.07
1788912120.788 3.53 3.49 4.06
1788912122.788 3.53 3.49 4.06
1788912124.795 4.21 3.63 4.10
1788912126.799 4.21 3.63 4.10
1788912128.800 4.21 3.63 4.10
1788912130.802 4.03 3.60 4.09
1788912132.805 4.03 3.60 4.09
1788912134.808 3.87 3.58 4.08
1788912136.818 3.87 3.58 4.08
1788912138.818 3.87 3.58 4.08
1788912140.818 3.72 3.55 4.07
1788912142.824 3.72 3.55 4.07
1788912144.824 3.58 3.52 4.05
1788912146.827 3.58 3.52 4.05
1788912148.834 3.58 3.52 4.05
1788912150.835 3.46 3.50 4.04
1788912152.836 3.46 3.50 4.04
1788912154.838 3.50 3.51 4.04
1788912156.839 3.50 3.51 4.04
1788912158.839 3.50 3.51 4.04
1788912160.839 3.38 3.48 4.03
1788912162.839 3.38 3.48 4.03
1788912164.839 3.19 3.44 4.01
1788912166.840 3.19 3.44 4.01
1788912168.840 3.19 3.44 4.01
1788912170.840 3.25 3.45 4.01
1788912172.845 3.25 3.45 4.01
1788912174.855 3.23 3.44 4.00
1788912176.856 3.23 3.44 4.00
1788912178.857 3.23 3.44 4.00
1788912180.863 3.13 3.42 3.99
1788912182.865 3.13 3.42 3.99
1788912184.865 2.96 3.38 3.97
1788912186.865 2.96 3.38 3.97
1788912188.865 2.96 3.38 3.97
1788912190.866 2.81 3.34 3.96
1788912192.876 2.81 3.34 3.96
1788912194.877 2.74 3.32 3.94
1788912196.882 2.74 3.32 3.94
1788912198.891 2.74 3.32 3.94
1788912200.892 2.68 3.29 3.93
1788912202.902 2.68 3.29 3.93
1788912204.913 2.63 3.27 3.92
1788912206.913 2.63 3.27 3.92
1788912208.918 2.63 3.27 3.92
1788912210.920 2.58 3.25 3.91
1788912212.932 2.58 3.25 3.91
1788912214.934 2.61 3.25 3.90
1788912216.935 2.61 3.25 3.90
1788912218.943 2.61 3.25 3.90
1788912220.946 2.56 3.23 3.89
1788912222.957 2.56 3.23 3.89
1788912224.958 2.68 3.24 3.89
1788912226.960 2.68 3.24 3.89
1788912228.961 2.68 3.24 3.89
1788912230.962 3.02 3.30 3.91
1788912232.972 3.02 3.30 3.91
1788912234.983 2.94 3.28 3.90
1788912236.989 2.94 3.28 3.90
1788912238.991 2.94 3.28 3.90
1788912240.996 3.10 3.31 3.91
1788912243.007 3.10 3.31 3.91
1788912245.007 3.82 3.45 3.95
1788912247.008 3.82 3.45 3.95
1788912249.008 3.82 3.45 3.95
1788912251.015 3.75 3.44 3.95
1788912253.025 3.75 3.44 3.95
1788912255.026 3.77 3.45 3.95
1788912257.026 3.77 3.45 3.95
1788912259.026 3.77 3.45 3.95
1788912261.027 3.95 3.49 3.96
1788912263.027 3.95 3.49 3.96
1788912265.027 4.03 3.52 3.97
1788912267.027 4.03 3.52 3.97
1788912269.040 4.03 3.52 3.97
1788912271.045 3.87 3.49 3.95
1788912273.045 3.87 3.49 3.95
1788912275.045 3.64 3.45 3.94
1788912277.056 3.64 3.45 3.94
1788912279.056 3.64 3.45 3.94
1788912281.057 4.71 3.68 4.01
1788912283.061 4.71 3.68 4.01
1788912285.066 4.57 3.66 4.01
1788912287.074 4.57 3.66 4.01
1788912289.074 4.57 3.66 4.01
1788912291.074 5.25 3.82 4.06
1788912293.075 5.25 3.82 4.06
1788912295.075 5.47 3.89 4.08
1788912297.075 5.47 3.89 4.08
1788912299.075 5.47 3.89 4.08
1788912301.076 5.11 3.84 4.06
1788912303.082 5.11 3.84 4.06
1788912305.089 4.94 3.83 4.06
1788912307.093 4.94 3.83 4.06
1788912309.093 4.94 3.83 4.06
1788912311.093 4.70 3.80 4.04
1788912313.094 4.70 3.80 4.04
1788912315.094 5.21 3.91 4.08
1788912317.094 5.21 3.91 4.08
1788912319.094 5.21 3.91 4.08
1788912321.094 4.95 3.88 4.07
1788912323.094 4.95 3.88 4.07
1788912325.104 4.79 3.87 4.07
1788912327.114 4.79 3.87 4.07
1788912329.124 4.79 3.87 4.07
1788912331.125 4.65 3.85 4.06
1788912333.135 4.65 3.85 4.06
1788912335.138 4.44 3.82 4.05
1788912337.139 4.44 3.82 4.05
1788912339.143 4.44 3.82 4.05
1788912341.144 4.32 3.81 4.04
1788912343.156 4.32 3.81 4.04
1788912345.166 4.22 3.79 4.03
1788912347.166 4.22 3.79 4.03
1788912349.174 4.22 3.79 4.03
1788912351.176 5.00 3.96 4.09
1788912353.178 5.00 3.96 4.09
1788912355.192 4.76 3.93 4.08
1788912357.193 4.76 3.93 4.08
1788912359.197 4.76 3.93 4.08
1788912361.213 4.70 3.93 4.08
1788912363.217 4.70 3.93 4.08
1788912365.217 4.64 3.93 4.08
1788912367.218 4.64 3.93 4.08
1788912369.220 4.64 3.93 4.08
1788912371.220 5.55 4.13 4.15
1788912373.222 5.55 4.13 4.15
1788912375.232 6.23 4.30 4.21
1788912377.239 6.23 4.30 4.21
1788912379.242 6.23 4.30 4.21
1788912381.250 5.89 4.26 4.19
1788912383.251 5.89 4.26 4.19
1788912385.261 5.50 4.20 4.17
1788912387.263 5.50 4.20 4.17
1788912389.264 5.50 4.20 4.17
1788912391.272 5.30 4.18 4.17
1788912393.272 5.30 4.18 4.17
1788912395.272 5.11 4.16 4.16
1788912397.281 5.11 4.16 4.16
1788912399.281 5.11 4.16 4.16
1788912401.281 4.78 4.11 4.14
1788912403.285 4.78 4.11 4.14
1788912405.285 4.64 4.09 4.13
1788912407.286 4.64 4.09 4.13
1788912409.286 4.64 4.09 4.13
1788912411.287 5.31 4.24 4.19
1788912413.300 5.31 4.24 4.19
1788912415.303 5.77 4.35 4.23
1788912417.305 5.77 4.35 4.23
1788912419.309 5.77 4.35 4.23
1788912421.309 5.38 4.30 4.21
1788912423.321 5.38 4.30 4.21
1788912425.331 5.11 4.26 4.19
1788912427.331 5.11 4.26 4.19
1788912429.341 5.11 4.26 4.19
1788912431.348 5.82 4.42 4.25
1788912433.349 5.82 4.42 4.25
1788912435.354 5.52 4.38 4.24
1788912437.360 5.52 4.38 4.24
1788912439.360 5.52 4.38 4.24
1788912441.371 5.32 4.36 4.23
1788912443.385 5.32 4.36 4.23
1788912445.385 5.13 4.33 4.22
1788912447.395 5.13 4.33 4.22
1788912449.396 5.13 4.33 4.22
1788912451.396 4.96 4.31 4.21
1788912453.398 4.96 4.31 4.21
1788912455.402 5.60 4.45 4.27
1788912457.411 5.60 4.45 4.27
1788912459.419 5.60 4.45 4.27
1788912461.429 6.03 4.56 4.31
1788912463.430 6.03 4.56 4.31
1788912465.449 5.79 4.54 4.30
1788912467.459 5.79 4.54 4.30
1788912469.470 5.79 4.54 4.30
1788912471.470 5.49 4.49 4.28
1788912473.480 5.49 4.49 4.28
1788912475.480 5.29 4.47 4.28
1788912477.490 5.29 4.47 4.28
1788912479.490 5.29 4.47 4.28
1788912481.500 5.02 4.43 4.26
1788912483.502 5.02 4.43 4.26
1788912485.508 4.70 4.37 4.24
1788912487.508 4.70 4.37 4.24
1788912489.509 4.70 4.37 4.24
1788912491.509 4.57 4.35 4.24
1788912493.509 4.57 4.35 4.24
1788912495.509 5.16 4.47 4.28
1788912497.510 5.16 4.47 4.28
1788912499.520 5.16 4.47 4.28
1788912501.530 4.91 4.43 4.27
1788912503.532 4.91 4.43 4.27
1788912505.532 5.48 4.56 4.31
1788912507.533 5.48 4.56 4.31
1788912509.543 5.48 4.56 4.31
1788912511.554 5.20 4.52 4.30
1788912513.554 5.20 4.52 4.30
1788912515.554 4.94 4.47 4.28
1788912517.554 4.94 4.47 4.28
1788912519.564 4.94 4.47 4.28
1788912521.564 4.70 4.43 4.27
1788912523.574 4.70 4.43 4.27
1788912525.585 4.49 4.39 4.26
1788912527.585 4.49 4.39 4.26
1788912529.596 4.49 4.39 4.26
1788912531.606 4.29 4.35 4.24
1788912533.612 4.29 4.35 4.24
1788912535.622 4.10 4.31 4.23
1788912537.637 4.10 4.31 4.23
1788912539.642 4.10 4.31 4.23
1788912541.643 4.10 4.31 4.23
1788912543.648 4.10 4.31 4.23
1788912545.658 5.37 4.57 4.32
1788912547.668 5.37 4.57 4.32
1788912549.668 5.37 4.57 4.32
1788912551.683 5.10 4.52 4.31
1788912553.693 5.10 4.52 4.31
1788912555.694 5.09 4.53 4.31
1788912557.694 5.09 4.53 4.31
1788912559.704 5.09 4.53 4.31
1788912561.714 5.80 4.69 4.37
1788912563.714 5.80 4.69 4.37
1788912565.715 5.66 4.68 4.37
1788912567.717 5.66 4.68 4.37
1788912569.719 5.66 4.68 4.37
1788912571.720 6.49 4.87 4.43
1788912573.726 6.49 4.87 4.43
1788912575.726 6.61 4.92 4.45
1788912577.726 6.61 4.92 4.45
1788912579.726 6.61 4.92 4.45
1788912581.733 8.88 5.42 4.63
1788912583.736 8.88 5.42 4.63
1788912585.740 9.45 5.59 4.70
1788912587.750 9.45 5.59 4.70
1788912589.751 9.45 5.59 4.70
1788912591.753 9.26 5.61 4.71
1788912593.756 9.26 5.61 4.71
1788912595.756 9.15 5.65 4.73
1788912597.760 9.15 5.65 4.73
1788912599.767 9.15 5.65 4.73
1788912601.768 9.62 5.81 4.79
1788912603.778 9.62 5.81 4.79
1788912605.778 9.33 5.81 4.80
1788912607.780 9.33 5.81 4.80
1788912609.780 9.33 5.81 4.80
1788912611.782 16.91 7.44 5.38
1788912613.789 16.91 7.44 5.38
1788912615.793 15.64 7.33 5.35
1788912617.795 15.64 7.33 5.35
1788912619.799 15.64 7.33 5.35
1788912621.805 14.39 7.21 5.32
1788912623.806 14.39 7.21 5.32
1788912625.816 13.31 7.11 5.30
1788912627.826 13.31 7.11 5.30
1788912629.830 13.31 7.11 5.30
